N,Cohort,"As an Alumni-Ambassador how likely are you to recommend the Teach For Armeniaโs Leadership Development Experience to a potential/suitable candidate/other qualified friends and family members.Please provide a response  on a 1 to 10 point scale, where ""1"" means "" Not at all likely"" and ""10"" means "" Extremely likely"".",Why did you provide this rating on your likelihood  to recommend the Teach For Armenia's Leadership Development Experience to a potential/suitable candidate?,
1,G4,9,+,
2,G6,9,ิตีฝ ีทีกีฟ ีฏีธึีฆีฅีตีซ ีซีด ีทึีปีกีบีกีฟีธึีด ีญีฅีฌีกึีซ ีดีกึีคีซีฏ ีคีกีฝีกีพีกีถีคีฅีตีซีถ ีคีบึีธึีธึีดึ ิฒีกีตึ ีกีดีฅีถ ีดีกึีค ีนีซ ีฏีกึีธีฒ ีฐีฅีผีธึ ีฃีตีธึีฒีธึีด ีดีถีกีฌ ึ ีคีซีดีกีถีกีฌ ึึีฟีซีถ ีธึ ีดีซ ีทีกึึ ีคีชีพีกึีธึีฉีตีธึีถีถีฅึีซีถึ,
3,G6,10,"ิฑีตีฝ ีฎึีกีฃีซึีจ ีถีบีกีฝีฟีธึีด ีง ีดีกีฝีถีกีฃีซีฟีกีฏีกีถ ึ ีกีถีฑีถีกีตีซีถ ีกีณีซีถ, ีกีพีฅีฌีกึีถีธึีด ีง ีฝีธึีซีกีฌีกีฏีกีถ ีฏีกีบีซีฟีกีฌีจีีถีฅีฉีพีธึึีจ ึ ึีฃีถีธึีด ีถีบีกีฝีฟีฅีฌ ีฐีกีดีกีตีถึีกีตีซีถ ีฆีกึีฃีกึีดีกีถีจ ีดีฅีถึีซ ีดีซีปีธึีธีพึ",
4,G7,9,ีีฅึีกีฏีกีถ ึีธึีฑีซึ ึ ีกึีคีฅีถ ีซีฝีฏ ิดี-ีธึีด ีกีทีญีกีฟีธีฒ ีจีถีฏีฅึีถีฅึีซึ,
5,G4,7,,
6,G7,9,,
7,G4,9,ีีกีถีซ ีธึ ีฐีฅีฟีกึึึีซึ ึ ีฟีกึีขีฅึีพีธีฒ ีฅึีฏีกีดีตีก ีธึีฒีซ ีงี ีซึ ีธึึีธึีตีถ ีฟีฅีฝีกีฏีธีพ ึ ึีธึีฑีกีผีธึีฉีตีกีดีข::,
8,G7,9,,
9,G3,8,,
10,G8,9,"Although it's a hard path to take, but it is life-changing.",
11,G7,10,,
12,G2,10,"ิฟีกึีฎีธึีด ีฅีด ิดี-ีถ  ีฏึีฉีธึีฉีตีกีถ ีธีฌีธึีธีฟึีด ีฏีกึีซีฅึีกีถ ีถีธึ ีฝีฏีฝีธีฒ ึ ีฏีกีด ีกีตีถ ึีธีญีฅีฌ ึีกีถีฏีกึีธีฒ ีดีกึีคีฏีกีถึ ีฐีกีดีกึ ีฐึีกีทีกีฌีซ ีฐีถีกึีกีพีธึีธึีฉีตีธึีถ ีงี ีฉีฅ' ีดีกีฝีถีกีฃีซีฟีกีฏีกีถ ึ ีกีฏีกีคีฅีดีซีกีฏีกีถ ีฃีซีฟีฅีฌีซึีถีฅึีจ ีญีธึีกึีถีฅีฌีธึ, ีฉีฅ' ีกีผีกีปีถีธึีคีกีฏีกีถ ีฐีดีฟีธึีฉีตีธึีถีถีฅึีจ ีฆีกึีฃีกึีถีฅีฌีธึ ึ ีจีถีคีฐีกีถึีกีบีฅีฝ ีธีฌีธึีฟีซ ีฏีกึีซึีถีฅึีถ ีกีผีกีพีฅีฌ ีฌีกีพ ีฐีกีฝีฏีกีถีกีฌีธึ ีฟีฅีฝีกีถีฏีตีธึีถีซึึ",
13,G5,10,"ิณีฅึีกีฆีกีถึ ีฅีด ีฃีถีกีฐีกีฟีฅีฌ, ึีกีถีซ ีธึ ิดีกีฝีกีพีกีถีคีซึ ีีกีตีกีฝีฟีกีถีจ ีซีด ีกีทีญีกีฟีกีถึีกีตีซีถ ีฏีกึีฅึีซีกีตีซ ีพึีก ีดีฅีฎ ีถีฅึีคึีธึีด ีง ีธึีถีฅึีฅีฌ, ึ ีฐีดีฟีธึีฉีตีธึีถีถีฅึีซ ีฆีกึีฃีกีดีกีถ ีฃีธึีฎีธึีดึ ิตีฝ ีดีซีทีฟ ีซีด ีจีถีฏีฅึีถีฅึีซีถ ีญีธึีฐีธึึีค ีฅีด ีฟีกีฌีซีฝ ีคีซีดีฅีฌ ึ ีพีกีตีฅีฌีฅีฌ ิดีกีฝีกีพีกีถีคีซึ ีีกีตีกีฝีฟีกีถีซ ีฅึีฏีกีดีตีก  ีกีถีดีธีผีกีถีกีฌีซ ีฎึีกีฃีซึีจ ีธึีบีฅีฝ ีธึีฝีธึึีซีน ีกีผีกีปีถีธึีคึ",
14,G7,10,"ยซิดีกีฝีกีพีกีถีคีซีึ, ีีกีตีกีฝีฟีกีถีจยป ีซีถีฑ ีฟีพีฅีฌ ีง ีทีกีฟ ีฐีดีฟีธึีฉีตีธึีถีถีฅึ, ีธึีธีถึ ีดีซีถีน ีกีตีชีด ีฏีซึีกีผีธึีด ีฅีด ีซีด ีธึีฝีธึีดีถีกีฏีกีถ ีฃีธึีฎีจีถีฉีกึีธึีด",
15,G7,10,"ิผีซีธีพีซีถ ีฐีกีดีกีฑีกีตีถ ีฅีด, ีธึีธีพีฐีฅีฟึ ิดี-ีถ ีฟึีกีดีกีฅึีธึีด ีง ีทีกึีธึีถีกีฏีกีฏีกีถ ีกีปีกีฏึีธึีฉีตีธึีถ ึ",
17,G5,10,"ิฒีกีฆีดีซึีฝ ีกีฝีฅีฌ ีฅีด <<ิดีกีฝีกีพีกีถีคีซึ ีีกีตีกีฝีฟีกีถีจ>> ีฏีตีกีถึีซ ีฃีฅีฒีฅึีซีฏ ึีธึีฌ ีง , ีธึ ีบีฅีฟึ ีง ีกีถึีถีซ ีตีธึึีกึีกีถีนีตีธึึ ีธึีฝีธึึีซึโคโคโคโค",
18,G4,10,,
19,G6,10,,
20,G5,10,,
21,G6,10,"ีีกีฝีถีกีฏึีธึีฉีตีธึีถีจ  ีฐีถีกึีกีพีธึีธึีฉีตีธึีถ  ีง  ีฟีกีฌีฝ  ีฌึีกึีถีฅีฌ   ึ   ีฆีกึีฃีกึีถีฅีฌ ีดีกีถีฏีกีพีกึีชีกีฏีกีถ  ีฏีกึีธีฒีธึีถีกีฏีธึีฉีตีธึีถีถีฅึีจ,  ึีกีตีฌีฅีฌ  ีชีกีดีกีถีกีฏีซีถ  ีฐีกีดีจีถีฉีกึี   ีดีกีถีฏีกีพีกึีชีธึีฉีตีกีถ  ีดีฅีป, ีฑีฅีผึ  ีขีฅึีฅีฌ  ีฃีกีฒีกึีกึีกีฏีซึ  ีจีถีฏีฅึีถีฅึ:",
22,G7,10,"ยซิดีกีฝีกีพีกีถีคีซ'ึ, ีีกีตีกีฝีฟีกีถยป-ีซ ิฑีผีกีปีถีธึีคีธึีฉีตีกีถ ีฆีกึีฃีกึีดีกีถ ีฅึีฏีกีดีตีก ีฎึีกีฃึีซีจ ีถีบีกีฝีฟ ีง ีฐีกีถีคีซีฝีกีถีธึีด ีดีกึีคีธึ ีซีถึีถีกีณีกีถีกีนีดีกีถ ึ ีซีถึีถีกีขีกึีกีฐีกีตีฟีดีกีถ ีฐีกึึีธึีด, ีธึีจ ีฃีกีฒีกึีกึีกีบีฅีฝ ีกีผีกีปีถีธึีคีธึีด ีง ึีฅีฆ ึ ีกีตีฌีธึึ",
23,G5,10,"ิฑีทีญีกีฟีฅีฌีธีพ ีธึีบีฅีฝ ีธึีฝีธึึีซีน- ีกีผีกีปีถีธึีค ีฅีฝ ีฑีฅีผึ ีฅีด ีขีฅึีฅีฌ ีขีกีฆีดีกีฉีซีพ ีฐีดีฟีธึีฉีตีธึีถีถีฅึ ีธึ ีฏีกึีธีฒีธึีฉีตีธึีถีถีฅึ, ีธึีธีถึ ีดีฅีฎีกีบีฅีฝ ีถีบีกีฝีฟีฅีฌ ีฅีถ ีซีด ีฐีฅีฟีกีฃีก ีฏีกึีซีฅึีซีกีตีซ ีกีณีซีถ, ีซีด ีฅึีกีฆีกีถึีถีฅึีซึ ีดีซ ึีกีถีซีฝีซ ีซึีกีฏีกีถีกึีดีกีถีจ",
24,G7,10,,
25,G7,8,,
26,G4,9,"ิปีถีนีบีฅีฝ ีขีกีฆีดีซึีฝ ีถีทีฅีฌ ีฅีด, ีฐีซีดีก ึีฝ ีฐีกีฝีฟีกีฟีฅีด, ีธึ ิดี-ีถ ีฐีซีกีถีกีฌีซ ีฐีถีกึีกีพีธึีธึีฉีตีธึีถ ีง ีธีน ีดีซีกีตีถ ีดีกีฝีถีกีฃีซีฟีกีฏีกีถ ีธึ ีกีถีฑีถีกีตีซีถ ีกีณีซ ีฐีกีดีกึ, ีกีตีฌ ีถีกึ 2 ีกีถีดีธีผีกีถีกีฌีซ ีกึีฏีกีฎีกีตีซีถ ีฟีกึีซ ีธึีถีฅีถีกีฌีธึ ีฐีกีดีกึ",
27,G7,9,,
28,G5,5,,
29,G8,10,"ีีกีฟ ีขีกึีฑึ ีฅีด ีฃีถีกีฐีกีฟีธึีด ีกีตีถ ีกีทีญีกีฟีกีถึีจ, ีธึีถ ีซึีกีฏีกีถีกึีถีธึีด ีง ิดี-ีจ, ีถีกึ ีกีตีถ ีฃีซีฟีฅีฌีซึีถ ีธึ ึีธึีฑีจ, ีธึีจ ีฟีกีฌีซีฝ ีง ิดี-ีจึ ิณีฟีถีธึีด ีฅีด, ีธึ ีดีฅึ ีฐีกีดีกีตีถึีจ ีบีฅีฟึ ีง ีดีฅีฎีกีถีก, ีธึีถีฅีถีกีถึ ีกีพีฅีฌีซ ีทีกีฟ ีถีฅึีฃึีกีพีพีกีฎ ีคีบึีธึีถีฅึ ึ ีกีพีฅีฌีซ ีทีกีฟ ีฝีฅึีธึีถีค ีคีบึีธึีถีฅึ, ีถีกึ ิดี ีดีกีถีฏีกีบีกึีฟีฅีฆีถีฅึึ",
30,G5,7,"ิฒีกีฆีดีกีฉีซีพ ีคีชีพีกึีธึีฉีตีธึีถีถีฅึ ีฏีกีถ, ีดีซีกีถีทีกีถีกีฏ ีญีธึีฐีธึึีค ีนีฅีด ีฏีกึีธีฒ ีฟีกีฌ, ีตีธึึีกึีกีถีนีตีธึึ ีดีกึีค ีซีถึีจ ีบีฅีฟึ ีง ีซึีฅีถ ีบีกีฟึีกีฝีฟ ีฆีฃีก ีกีตีค ีธึีฒีซีถ ีจีถีฟึีฅีฌีธึ ีฐีกีดีกึ",
31,G5,10,"ิฑีตีคีบีฅีฝ ีฅีด ีฃีถีกีฐีกีฟีฅีฌ, ึีกีถีฆีซ ีฐีกีดีธีฆีพีกีฎ ีฅีด ีธึ ิดี ีกีตีถ ีฟีซึีธึีตีฉีถ ีง, ีธึ ีดีกึีคีจ ีฏีกึีธีฒีกีถีธึีด ีง ีฆีกึีฃีกีถีกีด ีฐีกีดีกีฏีธีฒีดีกีถีซีกีถีซีธึีฅีถ ึ ีทีกีฟ ีง ีฟีกึีขีฅึีพีธึีด ีซึ ีกีทีญีกึีฐีกีตีกึึีธีพ, ีฏึีฉีธึีฉีตีกีถ ีถีฏีกีฟีดีกีดีข ีธึีถีฅึีกีฎ ีดีธีฟีฅึีธึีดีถีฅึีธีพึ ิตีฝ ีดีซีทีฟ ีฅีด ีธึีฒีฒีธึีคีธึีด ีดีกึีคีฏีกีถึ ึ ีธึึีกีญีธึีฉีตีกีดีข ีบีฅีฟึ ีง ีถีทีฅีด, ีธึ ีทีกีฟ ีธึีฝีธึึีซีนีถีฅึ ีซีด ีฐีธึีคีธึีธีพ ีดีกีฝีถีกีฏึีฅีฌ ีธึ ีคีกึีฑีฅีฌ ีฅีถ ิดี ีธึีฝีธึึีซีน ีกีผีกีปีถีธึีคีถีฅึึ",
32,G2,8,,
33,G6,8,"ิดีกีฝีกีพีกีถีคีซีึ ีีกีตีกีฝีฟีกีถีซ ีฅึีฏีกีดีตีก ีฎึีกีฃีซึีจ ีดีซีกีตีถ ีคีกีฝีกีกีถีคีฅีฌีธึ ีดีกีฝีซีถ ีนีง, ีกีตีถ ีฐีถีกึีกีพีธึีธึีฉีตีธึีถ ีง ีฆีกึีฃีกีถีกีฌีธึ ีธึีบีฅีฝ ีกีถีฐีกีฟ ึ ึีธ ีถีฅึีคึีธึีดีจ ีธึีถีฅีถีกีถีกีฌีธึ ีีกีตีกีฝีฟีกีถีซ ีฆีกึีฃีกึีดีกีถีจ ีพึีกึ",
34,G5,9,,
35,G3,9,"ีีทีฅีฌ ีฅีด 9, ึีกีถีซ ีธึ  ีดีซีกีถีทีกีถีกีฏ ีญีธึีฐีธึึีค ีฏีฟีกีด  ีฎึีกีฃึีซีถ ีดีกีฝีถีกีฏึีธึีฉีตีธึีถีจ,  ีถีทีฅีฌีธีพ , ีขีธีฌีธึ ีคึีกีฏีกีถ ีฏีธีฒีดีฅึีจ ึ ีกีผีกีพีฅีฌีธึีฉีตีธึีถีถีฅึีจึ  ิปีถีนีธึ 10 ีนีง, ึีกีถีซ ีธึ ีกีดีฅีถ ีคีฅีบึีธึีด  ีฎึีกีฃีซึีจ ีธึีถีซ  ีถีกึ ีคีชีพีกึีธึีฉีตีธึีถีถีฅึ ีธึ  ีธีน ีฐีกึีฉ ีณีกีถีกีบีกึีฐ, ึ  ีฏีกึึีธึ ีง ีถีกึ ีคึีกีถึ ีดีกีฝีซีถ ีญีธีฝึีฅีฌีจ, ีธึีบีฅีฝีฆีซ ีดีกึีคีจ ีนีธึีถีฅีถีก ีคีกีฟีกึีฏ ีกีฏีถีฏีกีฌีซึ, ีฉีฅ ีกีดีฅีถ ีขีกีถ ีฐีกึีฉ ีง ีฌีซีถีฅีฌีธึ,  ีนีธึีถีฅีถีก ีฐีซีกีฝีฉีกึีธึีฉีตีธึีถ  ึ ีธึีถีฅีถีก ีดีกีฝีถีกีฏึีธึีฉีตีกีถ ีฃีซีฟีกีฏีซึ ีธึีธีทีธึีดึ",
36,G3,8,,
37,G5,4,....,
38,G4,9,"ีึีธีพีฐีฅีฟึ ีฅีฝ ีฏีกึึีธึีธึีด ีฅีด ีฐีกีพีกีฝีกึ ีฏึีฉีธึีฉีตีธึีถีจ, ึ ีกีตีถ ีดีกึีคีฏีกีถึ, ีธีพึีฅึ ีถีธึีตีถ ีบีกีฟีฏีฅึีกึีธึีดีถีฅึีถ ีธึีถีฅีถ ีฏึีฉีธึีฉีตีกีถ ีดีกีฝีซีถ, ีกีถีฐึีกีชีฅีทีฟ ีง ีญีธึีฐีธึึีค ีฟีกีฌ ีคีซีดีฅีฌ ิดีกีฝีกีพีกีถีคีซีึ, ีีกีตีกีฝีตีกีถีซ ีกีถีฏีกีดีตีก ีกีผีกีปีถีธึีคีธึีฉีตีกีถ ีฎึีกีฃึีซีถึ",
39,G6,8,"ิดึีกีถึ ีถีฅึีกีผีธึีด ีฅีถ ีฐีถีกึีกีพีธึีธึีฉีตีธึีถีถีฅึีซ ีฌีกีตีถ ีทึีปีกีถีกีฏ,
ีดีกีฝีถีกีพีธึีกีบีฅีฝโค
ยท ีีฟีฅีฒีฎีฅีฌ ีกีผีกีปีกีคึีกีถึีถีฅึ ึ ีฏีซีฝีพีฅีฌ ีฝีธีพีธึีธีฒีถีฅึีซ ีฐีฅีฟึ
ยท ีีธีพีธึีธีฒีถีฅึีซีถ ีฟึีกีดีกีคึีฅีฌ ีฟีกึีกีฎึ, ีธึีฟีฅีฒ ีถึีกีถึ ีฏีฏีกึีธีฒีกีถีกีถ
ึีธึึีกีคึีฅีฌ ีซึีฅีถึ ีฃีซีฟีฅีฌีซึีถีฅึีจึ
รผ ิธีถีคีฌีกีตีถีฅีฌ ีฃีซีฟีฅีฌีซึีถีฅึีจ ีคีกีฝีกึีกีถีซ ีบีกีฟีฅึีซึ ีคีธึึีฝึ
รผ ิฑีผีกีปีกึีฏีฅีฌ ีกีทีกีฏีฅึีฟีถีฅึีซีถ ีถีฅึีฃึีกีพีพีฅีฌ ีคีกีฝีกึีกีถีซ ีพีฅีขีฏีกีตึีธึีดี
ีดีฅีฏีถีกีขีกีถีธึีฉีตีธึีถีถีฅึีธึีด ีฏีซีฝีพีฅีฌีธีพ ีฏีกึีฎีซึีถีฅึีธีพ, ีฐีฒีธึีดีถีฅึีธีพ ึ ีผีฅีฝีธึึีฝีถีฅึีธีพึ
รผ ิฟีกีบีพีฅีฌ ีฎีถีธีฒีถีฅึีซ ึ ีคีบึีธึีกีฏีกีถ ีฐีกีดีกีตีถึีซ ีฐีฅีฟ ึ ีถึีกีถึ ีถีฅึีฃึีกีพีฅีฌ ีคีกีฝีกึีกีถีธึีด
ีฟีฅีฒีซ ีธึีถีฅึีธีฒ ีธึีฝีธึีดีถีกีฏีกีถ ีฃีธึีฎีจีถีฉีกึีธึีดึ
รผ ิธีถีคีฌีกีตีถีฅีฌ ีฝีธีพีธึีธีฒีถีฅึีซ ีฐีถีกึีกีพีธึีธึีฉีตีธึีถีถีฅึีจี ีฉีธึีตีฌ ีฟีกีฌีธีพ ีถึีกีถึ
ีฐึีกีบีกึีกีฏีกีตีถีธึีฅีถ ีฏีซีฝีพีฅีฌ ีซึีฅีถึ ีฝีฟีฅีฒีฎีกีฃีธึีฎีธึีฉีตีธึีถีถีฅึีธีพึ
รผ ีีฃีฟีกีฃีธึีฎีฅีฌ ีคีกีฝีกึีกีถีซ ีถีธึีธึีฉีตีธึีถีถีฅึีจ,
ีฐีกีตีฟีกึีกึีธึีฉีตีธึีถีถีฅึีจ, ีคีบึีธึีกีฏีกีถ ีซึีกีคีกึีฑีธึีฉีตีธึีถีถีฅึีจ ึ ีกีตีฌีถีจ ีฟีกึีกีฎีฅีฌีธึ
ีฐีกีดีกึึ",
40,G7,10,ิพึีกีฃีซึีจ  ีฌีกีตีถ ีฐีถีกึีกีพีธึีธึีฉีตีธึีถีถีฅึ ีง  ีฟีกีฌีซีฝ ีธึีฝีธึึีนีซีถ ึ ีกีทีกีฏีฅึีฟีซีถ:,
41,G3,8,ีีซีกีถีทีกีถีกีฏ ีญีธึีฐีธึึีค ีฟีกีฌีธึ ีฐีกีดีกึ ีคีฅีผ  ีขีกึีฅีฌีกีพีดีกีถ ีฟีฅีฒีฅึ ีฏีกีถึ ีีกีฝีถีกีพีธึีกีบีฅีฝ ึีกีถีฏีกีฌีซ ีฏีฌีซีถีฅึ ีธึีถีฅีถีกีฌ ีทึีปีถีกีพีกึีฟ - ีคีฅีฝีบีกีถีถีฅึีซ ีดีซีปึ ีฐีกีดีกีฃีธึีฎีกีฏึีธึีฉีตีธึีถีจ  ีญีฉีกีถีธีฒ  ีกีผีกีพีฅีฌ ีกึีคีตีธึีถีกีพีฅีฟ ีดีฅีญีกีถีซีฆีดีถีฅึึ,
42,G5,8,,
43,G1,10,,
44,G5,10,"ีีกีถีซ ีธึ ิดีกีฝีกีพีกีถีคีซีึ, ีีกีตีกีฝีฟีกีถีจ ีธีน ีดีซีกีตีถ ีฅึีฏีกีดีตีก ีฎึีกีฃีซึ ีง, ีกีตีฌึ ีฆีกึีฃีกึีถีธึีด ีง ีดีฅีฆ ีธึีบีฅีฝ ีกีผีกีปีถีธึีค ีขีธีฌีธึ ีซีดีกีฝีฟีถีฅึีธีพ:",
45,G8,10,,
46,G5,3,ีีกึีธึีถีกีฏีกีฏีกีถ ีนีง,
47,G5,10,,
48,G5,4,ีดีฅีฏีถีกีขีกีถีธึีฉีตีธึีถ ีทีกีฟ ีฅึีฏีกึ ีง....,
49,G7,9,"ิปีด ีฏีตีกีถึีจ ีฏีกีฟีกึีฅีฌีกีบีฅีฝ ึีธีญีฅีฌ ีง ิดิฑีิฑีิฑีิดิปี ีิฑีิฑีีิฑีิธ, ีฏีกึีฎีธึีด ีฅีด` ีตีธึึีกึีกีถีนีตีธึึีจ ีบีฅีฟึ ีง ีฐีถีกึีกีพีธึีธึีฉีตีธึีถ ีธึีถีฅีถีก ีกีตีค ึีธึีฑีกีผีธึีฉีตีกีดีข ีกีถึีถีฅีฌีธึึ",
50,G8,9,"ิดี ีฐีถีกึีกีพีธึีธึีฉีตีธึีถีถีฅึีซ ึ ีฆีกึีฃีกึีดีกีถ ีดีฅีฎ ีฐีถีกึีกีพีธึีธึีฉีตีธึีถ ีง ีจีถีฑีฅีผีธึีด ึ ีฃีซีฟีกีฏีซึ ึ ีทีกึีธึีถีกีฏีกีฏีกีถ ีฆีกึีฃีกึีธึีด ึีถีฟึีธีฒ ีดีกึีคีธึ ีฐีกีดีกึ ีฌีกีพีกีฃีธึีตีถ ีจีถีฟึีธึีฉีตีธึีถีจ ีฏีฌีซีถีซ, ีฅีฉีฅ ีกีตีค ีดีกึีคีจ ีธึีชีฅีฒ ีง ึ ีบีกีตึีกึีธีฒึ",
51,G5,7,?,
52,G5,10,"ีีกีถีซ,ีธึ ,,ิดีกีฝีกีพีกีถีคีซึ ีีกีตีกีฝีฟีกีถ,,-ีจ ีฐีถีกึีกีพีธึีธึีฉีตีธึีถ ีง ีฟีกีฌีซีฝ ีซีถึีถีกีฏีกีฟีกึีฅีฌีกีฃีธึีฎีพีฅีฌีธึ, ีกีณีฅีฌีธึ ีธึีบีฅีฝ ีดีกีฝีถีกีฃีฅีฟ, ีฐีถีกึีกีพีธึีธึีฉีตีธึีถีถีฅึีค ีธึ ีฐีดีฟีธึีฉีตีธึีถีถีฅึีค ีฆีกึีฃีกึีถีฅีฌีธึ, ีถีธึ ีฌีกีพ  ีจีถีฏีฅึีถีฅึ ีฑีฅีผึ ีขีฅึีฅีฌีธึ:",
53,G6,10,"ิตีฉีฅ ีซีด ีคีฅีบึีจ ีคีซีฟีกึีฏีฅีฌีธึ ีฌีซีถีฅีด, ีพีฝีฟีกีฐีกีขีกึ ีฏีกึีธีฒ ีฅีด ีกีฝีฅีฌ ,ีธึ ีฎึีกีฃึีซีถ ีดีกีฝีถีกีฏึีฅีฌีธีพ  ีขีกีฆีดีกีฏีธีฒีดีกีถีซ ีกีณ ีฅีด ีฃึีกีถึีฅีฌ, ีธึีจ ีถีฏีกีฟีฅีฌ ีฅีถ ีถีกึ ีซีด ีทึีปีกีบีกีฟีธึีด,ีฐีฅีฟึีกีขีกึ ีดีซีกีถีทีกีถีกีฏ ีญีธึีฐีธึึีค ีฅีด ีฟีกีฌีซีฝ ีคีซีดีฅีฌ, ึ ีทีกีฟ ีฐีกีณีกีญ ีธึีฒีฒีกีฏีซ ีซีด ึึีซีถีกีฏีซีถ ีฐีฅีฟึีฅีฌีธีพ ึ ีซีถีฑ ีฐีฅีฟ ีญีธึีฐึีคีกึีฏีฅีฌีธีพ  ีคีซีดีธึีด ีฅีถ ีฎึีกีฃึีซีถึ",
54,G6,10,"ิพึีกีฃีซึีจ ีกีผีกีพีฅีฌีกีฃีธึีตีถีฝ ีถีบีกีฝีฟีธึีด ีง ีธึีฝีธึึีซีนีถีฅึีซ ีกีถีฑีถีกีตีซีถ ึ ีดีกีฝีถีกีฃีซีฟีกีฏีกีถ ีธึีกีฏีถีฅึีซ ีฆีกึีฃีกึีดีกีถีจ, ีซีถีนีบีฅีฝ ีถีกึ ีฐีถีกึีกีพีธึีธึีฉีตีธึีถ ีง ีฟีกีฌีซีฝ ีกีทีกีฏีฅึีฟีถีฅึีซีถ ีฝีฟีกีถีกีฌ ีกีถีฐึีกีชีฅีทีฟ ีฃีซีฟีฅีฌีซึีถีฅึีจึ",
55,G5,10,"ิดีึีถ ีซีด ีดีกีฝีถีกีฃีซีฟีกีฏีกีถ ีกีณีซ ีกีผีกีปีซีถ ึีกีตีฌีถ ีงึ ีกีฝีฟีซีณีกีถีธีพ ีคีฅีบีซ ีพีฅึึ ิฟีธึีฆีฅีถีกีตีซ, ีธึ ีขีธีฌีธึีถ ีงีฌ ีกีผีกีปีจีถีฉีกึ ีกีบึีฅีซีถ ีธึีบีฅีฝ ีธึีฝีธึึีซีน, ึีกีถีซ ีธึ ีฝีธีพีธึีธีฒีถีฅึีซีถ ีฉึีฅึ ีฟีพีธีฒีถีฅึ ีฅีถ ีบีฅีฟึ, ีฃีซีฟีฅีฌีซึีจ ีซีถึีถีธึึีธึีตีถ ีงีฌ ีฏีฝีฟีกีถีกีถึ",
56,G5,8,,
57,G7,10,"ีีกีถีซ ีธึ  ิฑีผีกีปีถีธึีคีธึีฉีตีกีถ ีฅึีฏีกีดีตีก  ีฎึีกีฃีซึีจ ีฌีซีธีพีซีถ ึีธีญีธึีด ีง ีฉีฅี  ีดีกีฝีถีกีฃีซีฟีกีฏีกีถ ึ  ีฉีฅี ีดีกึีคีฏีกีตีซีถ ีถีฏีกึีกีฃีซึีจ ึ  ึีฅีฆ  ีฟีกีถีธึีด ีขีธีฌีธึีธีพีซีถ ีกีตีฌ  ีีถีธึ  ีธึ ีขีกีฆีดีกีขีธีพีกีถีคีกีฏ ีธึีฒีซีธีพ, ีธึีซ   ีกีถีดีซีปีกีฏีกีถ ีฏีฅึีฟีธีฒีจ  ีคีธึ ีฅีฝ  ึ  ีฏีกึีธีฒีกีถีธึีด ีฅีฝ ีกีตีคีบีซีฝีธีพ  ีกีฆีคีฅึีธึีฉีตีธึีถ ีธึีถีฅีถีกีฌ ีทีกีฟีฅึีซ ีพึีก, ีกีตีค ีฉีพีธึีด ีกีทีกีฏีฅึีฟีถีฅึ, ีฎีถีธีฒีถีฅึ,  ีธึีฝีธึึีซีนีถีฅึ  ึ ีฐีกีดีกีตีถึีซ  ีกีถีคีกีดีถีฅึี  ึีธีญีฅีฌีธีพ  ีถึีกีถึ ีดีฟีกีฎีฅีฌีกีฏีฅึีบีจ ีฏึีฉีธึีฉีตีกีถ ีฐีกีพีกีฝีกึีธึีฉีตีกีถ ีดีกีฝีซีถึ",
58,G4,10,,
59,G4,10,ีีกีถีซึ ิดีกีฝีกีพีกีถีคีซึ ีีกีตีกีฝีฟีกีถีจ ีฐีถีกึีกีพีธึีธึีฉีตีธึีถ ีง ีฟีกีฌีซีฝ ึีฃีฟีกีฃีธึีฎีฅีฌ ึีธ ีธีฒีป ีถีฅึีธึีชีจ ึ ีงีฌ ีกีพีฅีฌีซ ีฏีกีฟีกึีกีฃีธึีฎีฅีฌ ึีธ ีฐีดีฟีธึีฉีตีธึีถีถีฅึีถ ีธึ ีฏีกึีธีฒีธึีฉีตีธึีถีถีฅึีจ,
60,G7,10,ีีกีถีซ ีธึ ีถีธึ ีฏีกึีธีฒีธึีถีกีฏีธึีฉีตีธึีถีถีฅึ ีฑีฅีผึ ีฏีขีฅึีซ,
61,G5,10,"ิดีฐ-ีจ ีฅีฆีกีฏีซ ีฏีกีผีธึีตึ ีง, ีธึีจ ีธึีฒีฒีพีกีฎ ีง ีฏึีฉีธึีฉีตีกีถ ีธีฌีธึีฟีซ ีขีกึีฅึีธีญีดีกีถีจ ึ ีฏีกึีฎึีกีฟีซีบีฅึีซ ีพีฅึีกึีดีกีถีจึ",
62,G2,10,"ีีกีถีซ ีธึ ีตีธึึีกึีกีถีนีตีธึึ ีดีกีฝีถีกีฏีซึ ีฐีถีกึีกีพีธึีธึีฉีตีธึีถ ีธึีถีซ ีธีน ีดีซีกีตีถ ีกีถีฑีถีกีตีซีถ ึ ีดีกีฝีถีกีฃีซีฟีกีฏีกีถ ีกีณีซ, ีกีตีฌ ีถีกึ ีซึ ีถีฅึีคึีธึีดีจ ีธึีถีฅีถีกีฌีธึ ีฐีกีดีกีตีถึีถีฅึีซ ีฆีกึีฃีกึีดีกีถ ีฃีธึีฎีธึีด",
63,G6,6,"ะะพัะพะผั ััะพ ะฟะพัะปะต ะทะฐะฒะตััะตะฝะธั ะฟัะพะณัะฐะผะผั ะฝะตั ะบะฐััะตัะฝะพะณะพ ัะพััะฐ, ะฒัั ะฝัะถะฝะพ ะฝะฐัะธะฝะฐัั ัะฝะฐัะฐะปะฐ.",
64,G7,10,,
65,G8,9,,
66,G7,10,,
67,G8,10,"ิณีถีกีฐีกีฟีฅีฌ ีฅีด 10, ีธึีธีพีฐีฅีฟึ ิดีึีถ ีฟีกีฌีซีฝ ีง ีกีพีฅีฌีซีถ, ึีกีถ ีฅึีขึีง ีฏีบีกีฟีฏีฅึีกึีถีฅีซ. ีถีธึ ีจีถีฏีฅึีถีฅึ, ีถีธึ ีฐีถีกึีกีพีธึีธึีฉีตีธึีถีถีฅึ, ีถีธึ ีฃีซีฟีฅีฌีซึีถีฅึ ึ ีฏีกึีธีฒีธึีถีกีฏีธึีฉีตีธึีถีถีฅึ,  ีธึีธีถึ ีฏีซึีกีผีธึีด ีฅีถึ ีซ ีถีบีกีฝีฟ ีดีฅึ ีกีทีกีฏีฅึีฟีถีฅึีซ ีพีกีฒีพีก ึึีพีกึ ิปีถีนึีกีถ ีทีกีฟ ีฌีซีถีฅีถ ีดีฅึ ีทีกึึีฅึีธึีด ีดีฅึ ีถีดีกีถ ีดีฟีกีฎีธีฒ ีธึ ีฃีธึีฎีธีฒ ีดีกึีคีซีฏ, ีกีตีถึีกีถ ีกีพีฅีฌีซ ีดีธีฟ ีฏีฌีซีถีฅีถึ ีดีฅึ ีฟีฅีฝีฌีกีฏีกีถีซีถ` 2050 ีญีธีฝีฟีดีกีถีจ:",
68,G7,7,,
69,G6,10,,
70,G4,10,,
71,G4,8,,
72,G7,10,"ิตีฝ ีพีฝีฟีกีฐ ีฅีด , ีธึ ีถึีกีถึ ีทีกีฟ ีขีกีถ ีธึีถีฅีถ ีฝีธีพีธึีฅีฌีธึ ิดี-ีธึีดโคโคโค ีนีถีกีตีกีฎ ีซีด ีธึีชึีถีฅึีกีฎ ีฅึีฏีกึีกีดีตีก ึีธึีฑีซีถ /20 ีฟีกึีซ/ ีกีตีคีธึีฐีกีถีคีฅึีฑ ีฅีฝ ีทีกีฟ ีถีธึ ีขีกีถ ีฝีธีพีธึีฅึีซ, ีธึีบีฅีฝ ีดีกีถีฏีกีพีกึีช ึ ีกีผีกีพีฅีฌ ึีฝ ีธึีบีฅีฝ ีกีผีกีปีถีธึีคึ",
74,G8,9,"ิปีด ีกีถีฐีกีฟีกีฏีกีถ ีกีณีจ ีฟีฅีฝีถีฅีฌีธีพี ีญีธึีฐีธึึีค ีฏีฟีกีด ีซีด ีจีถีฏีฅึีถีฅึีซีถึ ีึีกีถึ, ีธึีด ีฐีฅีฟีกึึึึีธึีด ีง ีกีทีญีกีฟีกีฝีซึีธึีฉีตีธึีถีจ, ีฐีกีดีกีผีธึีฉีตีธึีถีจ, ีฝีฅึีจ ีฏึีฉีธึีฉีตีกีถ ีฐีกีถีคีฅีบึ",
75,G7,8,----,
76,G6,7,,
77,G8,10,"ิตีฝ ีญีธึีฐีธึึีค ีฏีฟีกีด,ึีกีถีซ ีธึ ีฏีกีถ ีฎึีกีฃึีฅึ,ีธึ ีฅึีฅีญีกีถีฅึีซีถ ีทีกีฟ ีฐีถีกึีกีพีธึีธึีฉีตีธึีถีถีฅึ ีฏีฟีกีถ:",
78,G6,10,ิฑีถีฑีถีกีฏีกีถ ึีธึีฑีกีผีธึีฉีตีกีถ ีทีกีฟ ีคึีกีฏีกีถ ีกึีคีตีธึีถึีซึ,
79,G8,10,"ิดี_ีจ ีดีฅีฎ ีคีฅึ ีง ีญีกีฒีกึีฅีฌ ีซีด ีธึีบีฅีฝ ีดีกีถีฏีกีพีกึีชีซ ีฏีกีตีกึีดีกีถ, ีฏีกีฟีกึีฅีฌีกีฃีธึีฎีดีกีถ ีดีฅีปึ ินีซีดีซีถ ีดีซีกีถีกีฌีธึ ึึีพีกีถีซึ ีดีซีกีตีถ ีคึีกีฏีกีถ ึีธึีธีญีธึีฉีตีธึีถีถีฅึ ีฅีด ีฟีฅีฝีฅีฌ ีซีด ีดีฅีปึ",
80,G2,10,ิดี ีฅึีฏีกีดีกีตีก ีกีผีกีปีถีธึีคีธึีฉีตีกีถ ีฆีกึีฃีกึีดีกีถ ีฎึีกีฃีซึีถ ีจีถีฑีฅีผีถีธึีด ีง ีกีผีกีปีจีถีฉีกึีซ ีขีกีฆีธึีด ีฐีถีกึีกีพีธึีธึีฉีตีธึีถีถีฅึึ,
81,G3,10,,
82,G8,10,"ยซิดีกีฝีกีพีกีถีคีซ'ึ, ีีกีตีกีฝีฟีกีถยป-ีจ ีฐีถีกึีกีพีธึีธึีฉีตีธึีถ ีง ีฟีกีฌีซีฝ ีถีธึีธีพีซ ีณีกีถีกีนีฅีฌ ีฝีฅึีกีฏีกีถ ีฆีฃีกึีดีธึีถึีถีฅึีจ, ีถีฅึีธึีชีจ, ีดีฅีฎีกึีถีธึีด ีฃีซีฟีฅีฌีซึีถีฅึีจ ีฟีกึีขีฅึ ีธึีฒีฒีธึีฉีตีธึีถีถีฅึีธีพ, ีทึีดีกีถ ีฐีถีกึีกีพีธึีธึีฉีตีธึีถ ีง ีฟีกีฌีซีฝ ีถีธึ ีฐึีกีทึ ีดีกึีคีฏีกีถึ ีฐีฅีฟ ีธีพึีฅึ ีซึีฅีถึ ีฐีฅีฟีกึึึีซึ ึ ีบีธีฆีซีฟีซีพ ีดีฟึีฅึีธีพ ีฉีธึีตีฌ ีฅีถ ีฟีกีฌีซีฝ ีขีกึีกีฐีกีตีฟีฅีฌ ีดีฅึ ีฐีฅีผีกีพีธึ ีฐีกีดีกีตีถึีถีฅึีซ ีกีถีฝีกีฐีดีกีถ ีฐีถีกึีกีพีธึีธึีฉีตีธึีถีถีฅึีจ, ีกีทีกีฏีฅึีฟีถีฅึีซ ีฐีถีกึีกีพีธึีธึีฉีตีธึีถีถีฅึีจึิฑีตีฝ ึ ีฌีซึีจ ีฌีซึีจ ีคึีกีฏีกีถ ีขีกีถีฅึีซ ีฐีกีดีกึ ีญีธึีฐีธึึีค ีฏีฟีกีตีซ ีคีซีดีฅีฌ ีฅึีฏีกีดีตีก ีฎึีกีฃึีซีถ ีซีถีนีบีฅีฝ ีถีกึ  ีฐีกีดีกีฃีธึีฎีกีฏึีธึีฉีตีธึีถีจ ีทีกึีธึีถีกีฏีฅีฌ ยซิดีกีฝีกีพีกีถีคีซ'ึ, ีีกีตีกีฝีฟีกีถยป- ีฐีฅีฟึ",
83,G8,10,ีึีกีทีกีฌีซ ีฐีถีกึีกีพีธึีธึีฉีตีธึีถีถีฅึีซ ีคีธึีผ ีง ีขีกึีธึีด,
84,G8,10,"ีีกีฝีถีกีฃีซีฟีกีฏีกีถ ีฆีกึีฃีกึีดีกีถ ีณีกีถีกีบีกึีฐีซีถ ีธึีฒีฒีกีฏีซ ีกีถีฐึีกีชีฅีทีฟีธึีฉีตีธึีถ ีง ิดี-ีซ ีธึีฝีธึึีซีน-ีกีผีกีปีถีธึีค ีฌีซีถีฅีฌีจ, ึีกีถีซ ีธึ ีกีตีถ ึีฃีถีธึีด ีง ีฆีซีถีพีฅีฌ ีฃีซีฟีฅีฌีซึีถีฅึีธีพ ึ ีฟีกึีขีฅึ ีธึีฒีฒีธึีฉีตีธึีถีถีฅึีธีพ ีฐีดีฟีธึีฉีตีธึีถีถีฅึ ีง ึีธีญีกีถึีธึีด, ีคีกึีฑีถีฅีฌีธีพ ีธึีฝีธึึีนีซีถ ีดีกึีฟีกีฐึีกีพีฅึีถีฅึีซ ีถีฏีกีฟีดีกีดีข ีฏีกีตีธึีถึ",
85,G8,10,"ิปีฝีฏ ีงีฌ ีธ?ึึ, ีฅีฉีฅ ีธีน ยซิดีกีฝีกีพีกีถีคีซ'ึ, ีีกีตีกีฝีฟีกีถยป:",
86,G4,8,,
87,G8,10,"ีีกีถีซ ีธึ ิดีึีถ ีธีน ีดีซีกีตีถ ีฟีกีฌีซีฝ ีง ีธีน ีดีซีกีถ ีกีฏีกีคีฅีดีซีกีฏีกีถ ีฐีดีฟีธึีฉีตีธึีถีถีฅึ, ีกีตีฌึ ีฏีตีกีถึีซ ีฐีดีฟีธึีฉีตีธึีถีถีฅึ, ีกีถีฑีถีกีตีซีถ ีทึีธึีด, ีฝีฅึ",
88,G8,10,"ีีฅีฎ ีกีณ, ีซีถึีถีกีพีฝีฟีกีฐีธึีฉีตีธึีถ, ีดีกีฝีถีกีฃีซีฟีกีฏีกีถ ีขีกึีฑึ ึีธึีฑ,ีถีบีกีฟีกีฏีกีฝีฌีกึีธึีฉีตีธึีถ ึ ีถีดีกีถ ีฏีกึึีธึ ีกึีชีฅึีถีฅึ ีธึีถีฅีถีกีฌีธึ ีฐีกีดีกึ ีถีธึีตีถีซีฝีฏ ีกีถีฐึีกีชีฅีทีฟ ีง ีดีซีกีถีกีฌ ิดี-ีซ ีฉีซีดีซีถึ ิตีฝ ีดีซีทีฟ ีกีตีฝ ีฏีกึึีธึ ีฏีฅีฟีฅึีจ ีถีทีธึีด ีฅีด ีญีธึีฐีธึึีค ีฟีกีฌีธึึ ีกีผีกีปึ",
89,G8,9,,
90,G8,10,,
91,G7,10,"ิตีฝ ีธึีบีฅีฝ ีทึีปีกีถีกีพีกึีฟ-ีคีฅีฝีบีกีถ ีญีธึีฐีธึึีค ีฟีพีฅีฌ ีฅีด  ีฐีกีดีกีบีกีฟีกีฝีญีกีถ ีธึีกีฏีกีพีธึีธึีด ีธึีถีฅึีธีฒ ีจีถีฏีฅึีถีฅึีซีฝ ึ ีขีกึีฅีฏีกีดีฅึีซีฝ ีคีซีดีฅีฌีธึ ยซิดีกีฝีกีพีกีถีคีซ'ึ, ีีกีตีกีฝีฟีกีถยป-ีซ ิฑีผีกีปีถีธึีคีธึีฉีตีกีถ ีฆีกึีฃีกึีดีกีถ ีฅึีฏีกีดีตีก ีฎึีกีฃึีซีถึ
ีีธีพีธึีฅีฌีธีพ ีฝีธีพีธึีฅึีถีฅีถ",
92,G3,9,"ิดีกีฝีกีพีกีถีคีซีึ, ีีกีตีกีฝีฟีกีถีถ ีซีฝีฏีกีบีฅีฝ ีถีบีกีฝีฟีธึีด ีง ีกีถีฑีถีกีตีซีถ ึ ีดีกีฝีถีกีฃีซีฟีกีฏีกีถ ีธึีกีฏีถีฅึีซ ีฆีกึีฃีกึีดีกีถีจึ ิณีถีกีฐีกีฟีกีฏีถีจ ีขีกึีฑึ ีง , ีฝีกีฏีกีตีถ 10 ีนีฅีด ีฃีถีกีฐีกีฟีฅีฌ, ีธึีธีพีฐีฅีฟึ ีึิฑ ีซ ีดีฅีป ีฌีซีถีธึีด ีฅีถ ีดีกึีคีซีฏ, ีธีพึีฅึ ีนีฅีถ ีฐีกีดีกีบีกีฟีกีฝีญีกีถีธึีด ิดี-ีซ ีกึีชีฅึีถีฅึีซีถ ึ ีขีกึีกีฝีกีขีกึ ีฅีถ ีกีถีคึีกีคีกีผีถีธึีด ีฏีกีฆีดีกีฏีฅึีบีธึีฉีตีกีถ ีฐีฅีฒีซีถีกีฏีธึีฉีตีกีถ ีพึีก",
93,G8,10,"ิฝีธึีฐีธึึีค ีฏีฟีกีด, ึีกีถีซ ีธึ ิดีกีฝีกีพีกีถีคีซ'ึ ีีกีตีกีฝีฟีกีถีจ ีกีบีกีฐีธีพีธึีด ีง ีดีฅีฎ ีฏีกึีซีฅึีก ีฐีฅีฟีกีฃีก ีฃีธึีฎีธึีถีฅีธึีฉีตีกีถ ีฐีกีดีกึ",
94,G1,10,"ยซิดีกีฝีกีพีกีถีคีซ'ึ, ีีกีตีกีฝีฟีกีถยป-ีซ ีกีผีกึีฅีฌีธึีฉีตีกีถ ีฎีกีพีกีฌีธึีดีจ ึ ีถีธึ, ีขีกีฆีดีกีฆีกีถ ีดีกึีคีฏีกีถึ ีดีทีฟีกีฏีกีถ ีถีฅึีฃึีกีพีธึีดีจ ีคึีก ีซึีกีฏีกีถีกึีดีกีถ ีฃีธึีฎีจีถีฉีกึีธึีด ีงีฌ ีกีพีฅีฌีซ ีฏีดีฅีฎีกึีถีซ ีธีน ีดีซีกีตีถ ิดี ีฏีธีฒีดีซึ ีซึีฏีกีถีกึีพีธีฒ ีฎึีกีฃึีฅึีซ, ีกีตีฌึ ีดีฅึ ีธีฒีป ีฐีกีฝีกึีกีฏีธึีฉีตีกีถ ีกึีคีตีธึีถีกีพีฅีฟีธึีฉีตีธึีถีจ:",
95,G7,9,ิผีกีพีกีฃีธึีตีถ ีดีซีปีกีพีกีตึ ีซีถึีถีกีคึีฝึีธึีพีฅีฌีธึ ีฐีกีดีกึ ึ ีฏีกีฟีกึีฅีฌีกีฃีธึีฎีพีฅีฌีธึ,
96,G3,9,"ิพึีกีฃีซึีจ ีฐีถีกึีกีพีธึีธึีฉีตีธึีถ ีง ีฟีกีฌีซีฝ ีซีถึีถีกีขีกึีกีฐีกีตีฟีพีฅีฌีธึ, ีฆีกึีฃีกีถีกีฌีธึ ีธึีบีฅีฝ ีกีผีกีปีถีธีค ึ ีดีกีฝีถีกีฃีฅีฟึ",
97,G7,10,"ิปีถึีถีกีคึีฝึีธึีธึีด , ีซีถึีถีกีฆีกึีฃีกึีธึีด ึ ีซีถึีถีธึึีธึีตีถีธึีฉีตีธึีถ, ีซีถีนีบีฅีฝ ีถีกึ ีกีณีซ ีธึ ีฆีกึีฃีกึีดีกีถ ีดีฅีฎ ีฐีถีกึีกีพีธึีธึีฉีตีธึีถีถีฅึีซ ีฐีกีดีกึ: ิตึ ีธึ ีขีธีฌีธึีจ ีกีถีฏีกีญ ีซึีฅีถึ ีฝีธึีซีกีฌีกีฏีกีถ ีคีฅึีซึ ีธึ ีคีซึึีซึ ีฐีกีพีกีฝีกึ ีฐีถีกึีกีพีธึีธึีฉีตีธึีถีถีฅึ ีธึีถีฅีถ",
98,G3,10,,
99,G8,9,,
100,G5,10,ีึีธีพีฐีฅีฟึ ิดีกีฝีกีพีกีถีคีซึ ีีกีตีกีฝีฟีกีถีจ ีฝีฅึ ีง:,
101,G4,6,,
102,G4,10,"ิตีฝ ีฟีฅีฝีฅีฌ ีฅีด , ีฉีฅ ีซีถีน ีฐีฝีฏีกีตีกีฏีกีถ ึีธึีธีญีธึีฉีตีธึีถีถีฅึ ีฅีถ ีฌีซีถีธึีด ีกีตีถ ีกีทีกีฏีฅึีฟีถีฅึีซ ีฏีตีกีถึีธึีด , ีธึีฟีฅีฒ ีฏีก ิดี ีธึีฝีธึึีซีน-ีกีผีกีปีถีธึีคึ ิตีฝ ีฟีฅีฝีฅีฌ ีฅีด ีกีตีค ีกีทีกีฏีฅึีฟีถีฅึีซ ีกีนึีฅึีซ ีฏีกีตีฎีถ ีธึ ีธึีฝีดีกีถ ีกีผีกีปีกีคีซีดีธึีฉีตีธึีถีจ, ีซีถีนีบีฅีฝ ีถีกึ ีกีตีถ ีดีฅีฎ ีธึ ีฐีกีดีกีฏีกึีฃีพีกีฎ ีกีทีญีกีฟีกีถึีจ , ีธึ ีฏีกีฟีกึีธึีด ีง ีกีดีฅีถ ิดี ีกีทีญีกีฟีกีฏีซึึ ีีฅึ ีฟีฅีฝีฌีกีฏีกีถีจ ีดีฅึ ีฅึีฏึีซ ีกีบีกีฃีกีตีซ ีกีดีฅีถีกีฏีกึึีธึ ีฐีซีดีถีกึีกึีฅึีซึ ีดีฅีฏีถ ีง, ีธึีฝีฟีซ ีฅีฝ ีตีธึึีกึีกีถีนีตีธึึีซีถ, ีธีพ ีฏีกึีธีฒ ีง ีขีกึีฑึ ีบีกีฐีฅีฌ ิดี ีกึีชีฅึีถีฅึีจ , ีญีธึีฐีธึึีค ีบีซีฟีซ ีฟีกีด ีคีกีผีถีกีฌ ีดีฅึ ีดีฅีฎ ีจีถีฟีกีถีซึีซ ีกีถีคีกีดึ",
103,G8,10,"ีีกึีคีซีฏ, ีธีพึีฅึ ีฏีกึีธีฒ ีฅีถ ีชีบีซีฟ ีขีฅึีฅีฌ ีกีทีกีฏีฅึีฟีถีฅึีซีถ, ีบีฅีฟึ ีง ีฌีซีถีฅีถ ีคีบึีธึีถีฅึีธึีด",
104,G8,9,"ีีกีถีซ ีธึ ีซีถึีฝ ีซีถีฑ ีฐีกีดีกึ ีขีกึีกีฐีกีตีฟีฅีฌ ีธึ ีฝีฟีฅีฒีฎีฅีฌ ีฅีด ีดีซ ีกีตีฌ ีกีทีญีกึีฐ, ึ ีทีกีฟ ีฐีกีณีฅีฌีซ ีง ีกีตีค ีกีทีญีกึีฐีธึีด ีฝีฟีกีถีฑีถีฅีฌ ีกีผีกีปีถีธึีคีซ ีคีฅึีจ:",
105,G1,10,"ยซิดีกีฝีกีพีกีถีคีซ'ึ, ีีกีตีกีฝีฟีกีถยป-ีซ ิฑีผีกีปีถีธึีคีธึีฉีตีกีถ ีฆีกึีฃีกึีดีกีถ ีฅึีฏีกีดีตีก ีฎึีกีฃีซึีจ ีกีถีฝีกีฐีดีกีถ ีฐีถีกึีกีพีธึีธึีฉีตีธึีถีถีฅึ ีง  ีจีถีฑีฅีผีธึีด ึีกีถีฏีกึีกีฎ ีดีกีฝีถีกีฃีฅีฟีซ ีฏีกีฟีกึีฅีฌีกีฃีธึีฎีพีฅีฌีธึ:",
106,G4,9,,
107,G6,9,"ิปีด ีคีฅีบึีธึีด ีถีฅึีฏีกีตีซีฝ ีฐีกีฝีฟีซึีถ ีง ีธึีฒีฒีกีฏีซีธึีฅีถ ีถีบีกีฝีฟีธึีด ีคึีกีถ, ีกีดีฅีถ ีคีฅีบึีธึีด ีกีตีฌ ีซึีกีพีซีณีกีฏีธึีด ึีฝ ีญีธึีฐีธึึีค ีฏีฟีกีตีซี ีฐีกีดีกึีฅีฌีธีพ ีซีถึีถีกีซึีกึีดีกีถ ีธึ ีฆีกึีฃีกึีดีกีถ ีฐีซีกีถีกีฌีซ ีฐีกึีฉีกีฏึ",
108,G3,7,I'm not agree with LGBTQ policy but in other questions more than agree,
109,G4,9,"ิตีฉีฅ ีคีซีดีธึีคีจ ีธึีถีซ ีฐีกีดีกีบีกีฟีกีฝีญีกีถ ีธึีธีฏีกีพีธึีธึีด ีธึ ีบีกีฟีกีฝีญีกีถีกีฟีพีธึีฉีตีกีถ ีฃีซีฟีกีฏึีธึีด ))  ีดีฅีฎ ีฝีซึีธีพ ีญีธึีฐีธึึีค ีฏีฟีกีด, ีธึีบีฅีฝ ีกีถีฏึีฏีถีฅีฌีซ ึีธึีฑีกีผีธึีฉีตีธึีถึ",
110,G4,9,,
111,G6,3,,
112,G2,10,ีึีธีพีฐีฅีฟึ ีฝีก ีฌีกีพีกีฃีธึีตีถ ีธึีฒีซีถีฅึีซึ ีดีฅีฏีถ ีง ีซีถึีถีกีณีกีถีกีนีดีกีถ ีฐีกีดีกึึ,
113,G5,8,,
114,G2,9,"ิดี-ีซ ิฑิถ ีฅึีฏีกีดีตีก ีฎึีกีฃึีซีถ ีดีกีฝีถีกีฏึีฅีฌีจ ีบีกีฟีกีฝีญีกีถีกีฟีธึ ึ ีฌีธึึีป ึีกีตีฌ ีงึ ิตีฝ 9 ีดีซีกีพีธึีธีพ ีญีธึีฐีธึึีค ีฏีฟีกีด, 1 ีดีซีกีพีธึีจ ีฉีธีฒีฅีฌ ีฅีด ีธึีบีฅีฝ ีกีบีกีฐีธีพีกีฃึีธึีดึ",
115,G5,10,"ิดี-ีถ ีซึีกีบีฅีฝ ึีธีญีธึีด ีง ีดีกึีฏีกีถึ ีณีกีฏีกีฟีกีฃึีฅึีจ ึ ีฃึีฅีฉีฅ ีดีซีทีฟ, ีคีฅีบีซ ีฌีกีพีจึ ิตีฉีฅ ีกีถีฃีกีด ีฟีพีตีกีฌ ีกีถีฐีกีฟีจ ีนีฐีกีปีธีฒีซ ีฏึีฉีธึีฉีตีกีถ ีดีฅีป, ิดี-ีซ ีฟีพีกีฎ ีกีฐีผีฅีฌีซ ึีธึีฑีซ ึ ีฃีซีฟีฅีฌีซึีถีฅึีซ ีทีถีธึีฐีซีพ ีฏีฐีกีฝีฏีกีถีก, ีฉีฅ ีซีถีน ีง ีซึีฅีถ ีบีฅีฟึ ีฏีตีกีถึีธึีดึ",
116,G8,10,"ีีกีถีซ ีธึ ีกึีคีฅีถ ีดีซ ึีกีถีซ ีธึีฝีธึึีซีน ีคีซีดีฅีฌ ีง ีซีด ีญีธึีฐึีคีซ ีกึีคีตีธึีถึีธึีด,ีคีกึีฑีฅีฌ ีฉีซีดีซ ีกีถีคีกีด",
117,G2,10,"ิฑีผีกีปีถีธึีคีธึีฉีตีกีถ ีฎึีกีฃึีซ ีดีกีฝีถีกีฏึีธึีฉีตีธึีถีจ ีดีซีกีถีทีกีถีกีฏ ีถีบีกีฝีฟีธึีด ีง ีธีน ีดีซีกีตีถ ีดีกีฝีกีถีฃีซีฟีกีฏีกีถ ีฃีซีฟีฅีฌีซึีถีฅึีซ, ีฐีดีฟีธึีฉีตีธึีถีถีฅึีซ ีฑีฅีผึีขีฅึีดีกีถีถ ีธึ ีฆีกึีฃีกึีกึีดีกีถีจ, ีกีตีฌึ ีตีธึึีกึีกีถีนีตีธึึ ีดีกีฝีถีกีฏึีซ ีคีกึีฑีถีธึีด ีง ีฏึีฉีกีฏีกีถ ีขีกึีฅึีธีญีธึีดีถีฅึีซ ีซึีกีฏีกีถ ีดีกีฝีถีกีฏีซึ:",
118,G3,8,,
119,G7,10,"ยซิดีกีฝีกีพีกีถีคีซึ ีีกีตีกีฝีฟีกีถีจยป ีฌีกีพีกีฃีธึีตีถ ีขีกีถีถ ีง, ีธึ ีฏีกึีธีฒ ีง ีบีกีฟีกีฐีฅีฌ ีฏึีฉีธึีฉีตีกีถ ีฐีฅีฟึ",
120,G4,10,"ิฟีกึีฎีธึีด ีฅีด ีฐีซีดีถีกีคึีกีดีซ ีฅึีฏีกีดีตีก ีฎึีกีฃีซึีจ ีฐีถีกึีกีพีธึีธึีฉีตีธึีถ ีง ีฟีกีฌีซีฝ ีขีกีฆีดีกีฏีธีฒีดีกีถีซ ีฆีกึีฃีกีถีกีฌีธึ, ีฐีซีกีถีกีฌีซ ีฐีถีกึีกีพีธึีธึีฉีตีธึีถ ีง ีฏีกึีซีฅึีกีตีซ ีฝีฏีฆีขีซ ีฐีกีดีกึึ ีีกึ ีทีกีฟ ีฌีกีพ ีฐีถีกึีกีพีธึีธึีฉีตีธึีถ ีง ีี ีฏึีฉีกีฏีกีถ ีฐีกีดีกีฏีกึีฃีซีถ ึ ีฅึีฅีญีกีถีฅึีซ ีฏึีฉีธึีฉีตีกีถ ีฐีกีพีกีฝีกึีธึีฉีตีกีถ ีซึีกีพีธึีถึีซ ีซึีกึีดีกีถีจ ีกีปีกีฏึีฅีฌีธึ ีฟีฅีฝีกีถีฏีตีธึีถีซึึ",
121,G7,10,,
122,G5,8,-,
123,G3,10,,
124,G7,10,"ีีซีกีถีทีกีถีกีฏ ีญีธึีฐีธึึีค ีฅีด ีฟีกีฌีซีฝี ึีธึีตึ ีฟีกีฌีธีพ ีซีด ึีธึีฑีจ: ิปีด ีฏีตีกีถึีธึีด ีซึ ีฏีกึึีธึีกีฃีธึีตีถ, ีธึึีธึีตีถ ีฟีฅีฒีถ ีธึ ีคีฅึีถ ีง ีธึีถีฅึีฅีฌ ิดี-ีถ: ีีฅีฎ ีฑีฅีผึีขีฅึีธึีดีถีฅึ ีฅีด ีธึีถีฅึีฅีฌ ึี ีฏีกึีซีฅึีกีตีธึีด, ึี ีฏีตีกีถึีธึีด: ิผีซีถีฅีฌ ิดี-ีซ ีธึีฝีธึึีซีนี ีถีทีกีถีกีฏีธึีด  ีง ีฌีซีถีฅีฌ ีกีผีกีปีถีธึีค, ีฑีฃีฟีธีฒ, ีขีกึีซ, ึีธีญึีฃีถีธีฒ, ีฃีซีฟีกีฏ, ีทีถีธึีฐีกีฌีซ ึ ีกีตีฝ ีทีกึึีจ ีฏีกึีฅีฌีซ ีง ีกีถีพีฅึีป ีฉีพีฅีฌ:",
125,G7,10,ีีกีถีซ ีธึ ิดีกีฝีกีพีกีถีคีซึ ีีกีตีกีฝีฟีกีถีซ ีฃีธึีฎีฅีฌีกีธีณีจ ีถีบีกีฝีฟีธึีด ีง ีฉีฅ ีกีถีฑีถีกีตีซีถ ึ ีฉีฅ ีดีกีฝีถีกีฃีซีฟีกีฏีกีถ ีกีณีซีถึ,
126,G8,10,"ิฟีกึีฎีธึีด ีฅีด, ีธึ ีี ีตีธึึีกึีกีถีนีตีธึึ ีธึีฝีธึึีซีน ีบีซีฟีซ ีกีถึีถีซ ีกีผีกีปีถีธึีคีธึีฉีตีกีถ ีกีตีค ีธึีฒีซีถี ีซึีฅีถ ีถีธึีธีพีซ ีขีกึีกีฐีกีตีฟีฅีฌีธึ  ึ ีฏีกีฟีกึีฅีฌีกีฃีธึีฎีพีฅีฌีธึ ีฐีกีดีกึ:",
127,G7,10,,
128,G7,10,,
129,G4,10,,
130,G6,10,,
131,G3,8,,
132,G7,10,"ีีกีดีกึีธึีด ีฅีด ีฏีกึึีธึ ีทึีปีกึีธึีฌี ีฏีกีฟีกึีฅีฌีกีฃีธึีฎีดีกีถ, ีซีถึีถีกีฆีกึีฃีกึีดีกีถ ีฐีกีดีกึ",
133,G8,10,,
134,G4,10,,
135,G5,10,ิดีกีฝีกีพีกีถีคีซึ ีีกีตีกีฝีฟีกีถีจ 180 ีกีฝีฟีซีณีกีถีธีพ ีฏีตีกีถึีจ ึีธีญีธีฒ ีธึีฒีซีถีฅึ ีง ีฝีฟีฅีฒีฎีธึีด,
136,G6,8,,
137,G4,10,"ิตึีฏีกีดีตีก ีฎึีกีฃีซึีจ ีฐึีกีพีธึีธึีฉีตีธึีถ ีง ีฟีกีฌีซีฝ ีฆีกึีฃีกีถีกีฌ ีธึีบีฅีฝ ีกีผีกีปีถีธึีค, ีธึีบีฅีฝ ีดีกีฝีถีกีฃีฅีฟ ึ ีธึีบีฅีฝ ีกีถีฐีกีฟึ ิปีถึีถีกีขีกึีกีฐีตีฟีฅีฌ ีซีถึีค ึีฅีฆ ึ ีีกีตีกีฝีฟีกีถีจึ",
138,G4,10,,
139,G1,9,,
140,G8,8,,
141,G7,10,,
142,G4,7,,
143,G8,10,"ีีซีกีถีทีกีถีกีฏ ีญีธึีฐีธึึีค ีฏีฟีกีด, ึีกีถีซ ีธึ ีฅึีฏีกีดีตีก ีฎึีกีฃีซึีจ ีขีกึีกีฐีกีตีฟีธึีดีถีฅึีธีพ ีฌีซ ีชีกีดีกีถีฏีกีทึีปีกีถ ีง:",
144,G7,10,,
145,G7,10,,
146,G1,10,"ีีกีถีซ ีธึ ีฐีฅีถึ ีซีด ึึีซีถีกีฏีธีพ ีฟีฅีฝีถีธึีด ีฅีด, ีฅีฝ ีซีถีนึีกีถ ีฅีด ีกีดีฅีถ ึึ ีฆีกึีฃีกีถีธึีด ึ ึีธึีธีบีพีธึีด, ีธึ ีดีฅีฎ ีฐีถีกึีกีพีธึีธึีฉีตีธึีถีถีฅึ ึ ีดีกึีคีฏีกีถึ ึีกีถึ ีง ีฟีกีฌีซีฝ ีฎึีกีฃึีซีถ ีดีกีฝีถีกีฏึีฅีฌีจึ",
147,G7,7,"Great experience especially for diasporans, helps in developing as a person and also might be a good way to learn oneself.",
148,G7,10,,
149,G7,10,ิตีฝ ีซีด ึีธึีฑีธีพ ีธึ ีฃีธึีฎีธีพ ีฅีด ีคึีกีถีธึีด ีฐีกีดีธีฆีพีฅีฌึ,
150,G8,9,,
151,G7,10,ิพึีกีฃีซึีจ ีถีบีกีฝีฟีธึีด ีง ีดีกีฝีถีกีฃีซีฟีกีฏีกีถ ึ ีกีถีฑีถีกีตีซีถ ีกีณีซีถ:,
152,G7,10,,
153,G8,10,ิฑีตีฝีฟีฅีฒ ีฏีก ีขีธีพีกีถีคีกีฏีธึีฉีตีธึีถ,
154,G8,10,"ิฑีณีฅีฌีธึ, ีดีกีฝีถีกีฃีซีฟีกีฏีกีถ ีกีผีธึีดีธีพ ีฆีกึีฃีกีถีกีฌีธึ, ีดีฅึ ีฅีฝีจ ีถีธึีธีพีซ ีขีกึีกีฐีกีตีฟีฅีฌีธึ, ีฐึีกีทีกีฌีซ ีธึ ีปีฅึีด ีฉีซีดีซ ีฐีฅีฟ ีฎีกีถีธีฉีกีถีกีฌีธึ, ีดีกึีคีฏีกีตีซีถ ีฌีกีพ ีธึีกีฏีถีฅึ ีขีกึีกีฐีกีตีฟีฅีฌีธึ ึ ีฐึีกีทีกีฌีซ ีจีถีฏีฅึีถีฅึ ีฑีฅีผึีขีฅึีฅีฌีธึ ีฐีกีดีกึึ",
155,G3,10,"ิผีกีพีกีฃีธึีตีถีฏึีฉีกีฏีกีถ  ีฎึีกีฃีซึีถ ีง ีี-ีธึีด,ีธึีซีถ ีฅีฝ ีฎีกีถีธีฉ ีฅีด:",
156,G8,10,"ีีกีฐีกีดีกีถีกีตีซีถ ีฐีกีดีกีตีถึีถีฅึีจ ีขีกีพีกีฏีกีถีซีถ ีดีฅีฎ ีฉีพีธีพ ีธึีฝีธึึีนีซ, ีกีพีฅีฌีซ ีทีธึีฟ ีกีผีกีถึ ีฏีกึีฎึีกีฟีซีบีฅึ ีธึีฝีธึึีซีนีถีฅึีซ ีฏีกึีซึ ีธึีถีฅีถ",
157,G4,8,-,
158,G3,9,,
159,G3,10,"ีึีธีพีฐีฅีฟึ ีซีถีฑ ีดีฅีฎีกีบีฅีฝ ึีฃีถีฅีฌ ีง ีดีกีฝีถีกีฏึีธึีฉีตีธึีถีจ ีฅึีฏีกีดีตีก ีฎึีกีฃึีซีถ, ีกีตีถ ีถีบีกีฝีฟีฅีฌ ีงีซีด  ีกีทีญีกึีฐีกีตีกึึีซ ึ ีดีฟีกีฎีธีฒีธึีฉีตีกีถ ึีธึีธีญีธึีฉีตีกีถีจโค ีกีตีถ ีฐีกีปีธีฒีธึีฉีตีธึีถีถีฅึีจ, ีธึีธีถึ ีธึีถีฅีด, ีฐีซีดึีธึีด ิดี-ีถ ีงึ",
160,G5,10,ีธึีธีท ีฐีกีดีกีตีถึีถีฅึีธึีด ิดี ีธึีฝีธึึีซีน ีกีผีกีปีถีธึีคีถีฅึีจ ีดีซีกีฏ ีฐีธึีตีฝีถ ีฅีถ ีกีทีกีฏีฅึีฟีถีฅึีซ ีฏีตีกีถึีธึีด ีธึีฅึ ีขีกีถ ึีธีญีฅีฌีธึ,
161,G8,10,"ิดีกีฝีกีพีกีถีคีซึ ีีกีตีกีฝีฟีกีถีจ ีกีดีพีธีฒีปีธึีฉีตีกีดีข ึีธีญีธึีด ีง ีดีฅึ ีดีฟีกีฎีฅีฌีกีฏีฅึีบีจ, ีดีธึีฟีฅึีธึีดีถีฅึีถ ีธึ ีฏีธีฟึีธึีด ีขีกีฆีธึีด ีฏีกึีฎึีกีฟีซีบีฅึึ",
162,G7,10,,
163,G1,10,"ิฑีตีถ ีีกีตีกีฝีฟีกีถีธึีด ีฃีธึีฎีธีฒ ีฅีฆีกีฏีซ ีฏึีฉีกีฏีกีถ ีฏีกีผีธึีตึีถ ีง, ีธึีซ ีฃีธึีฎีธึีถีฅีธึีฉีตีธึีถีจ ึ ีดีธีฟีฅึีธึีดีจ ีผีฅีกีฌ ีง ีธึ ีบึีธึีฅีฝีซีธีถีกีฌึ",
164,G2,8,,
165,G3,10,,
166,G3,9,,
167,G8,9,"ิฟีกึีฎีธึีด ีฅีด ิดี-ีถ ีกีตีถ ีฏีกีฆีดีกีฏีฅึีบีธึีฉีตีธึีถีถ ีง, ีธึีจ ีฏีกึีธีฒ ีง ีฏีกึีฎึีกีฟีซีบีฅึ ีฏีธีฟึีฅีฌ ีธึ ีกึีชีฅึีถีฅึ ีฝีฟีฅีฒีฎีฅีฌ, ีธึีฝีฟีซ ีกีตีถ ีจีถีฏีฅึีถีฅึีจ, ีธีพึีฅึ ีกีตีฝ ีฏีกีด ีกีตีถ ีฑึีธีพ ึีธึึีกีขีฅึีธึีด ีฅีถ ิดี-ีซีถ ีดีธีฟ ีกึีชีฅึีกีตีซีถ ีฐีกีดีกีฏีกึีฃ, ีญีธึีฐีธึึีค ีฅีด ีฟีกีฌีซีฝ ีคีซีดีฅีฌ ีฎึีกีฃึีซีถ:",
168,G4,9,ีีกีถีซ ีธึ ีซีด ีดีกีฝีถีกีฃีซีฟีกีฏีกีถ ีกีณีซ ีฐีกีดีกึ ีดีฅีฎ ีกีฆีคีฅึีธึีฉีตีธึีถ ีง ีธึีถีฅึีฅีฌ <<ิดีกีฝีกีพีกีถีคีซีึ ีีกีตีกีฝีฟีกีถ>> ีกีผีกีปีถีธึีคีธึีฉีตีกีถ ีฅึีฏีกีดีตีก ีฎึีกีฃีซึีจึ ิฑีตีถ ีฌีกีพ ีพีกีตึ ีง ีฆีกึีฃีกีถีกีฌีธึ ีกีผีธึีดีธีพ,
169,G8,10,ยซิดีกีฝีกีพีกีถีคีซึ ีีกีตีกีฝีฟีกีถยป ีฏีกีฆีดีกีฏีฅึีบีธึีฉีตีกีถ ีฃีธึีฎีธึีถีฅีธึีฉีตีธึีถีจ ีธึีฒีฒีพีกีฎ ีง  ีฐีกีตึีฅีถีซึีซ ีฐีฆีธึีกึีดีกีถีจ ึ ีกีดึีกีบีถีคีดีกีถีจี ีฏึีฉีธึีฉีตีกีถ ีดีซีปีธึีธีพ ีญีฉีกีถีฅีฌีธีพ ีกีบีกีฃีก ีฝีฅึีธึีถีคีถีฅึีซ ีฐีฆีธึีกึีธึีดีจ ึ ีฐีกีดีกีตีถึีถีฅึีซ ีฆีกึีฃีกึีธึีดีจึ,
170,G7,10,"ิปีด ีฏีตีกีถึีซ ีฌีกีพีตีกีฃีธึีตีถ ีธึีธีทีธึีดีถีฅึีซึ ีดีฅีฏีถ ีง ีฅีฒีฅีฌ ีดีกีฝีถีกีฏึีฅีฌ ิดีกีฝีกีพีกีถีคีซ'ึ, ีีกีตีกีฝีฟีกีถีซ ีฅึีฏีกีดีตีก ีกีผีกีปีถีธึีคีธึีฉีตีกีถ ีฆีกึีฃีกึีดีกีถ ีฎึีกีฃึีซีถึ ิฑีตีฝ ีฎึีกึึีซีถ ีดีกีฝีถีกีฏึีธึีฉีตีธึีถีจ ึีฃีถีฅีฌ ีง ีซีถีฑ ีฏีกีตีกีถีกีฌ ีธึีบีฅีฝ ีธึีฝีธึึีซีน ีกีผีกีปีถีธึีค, ีฐีฅีฟึีกีขีกึ ีทีกีฟ ีฅีด ึีกีถีฏีกีถีธึีด , ีธึ ีซีด ีฃีธึีฎีจีถีฏีฅึีถีฅึีจ ีถีธึีตีถีบีฅีฝ ีกีถึีถีฅีฌ ีกีตีค ีฐีซีกีฝึีกีถีน ีธึีฒีซีถึ ิตีฝ ีฅีฉีฅ ีธึีถีฅีถีกีตีซ ีฐีถีกึีกีพีธึีธึีฉีตีธึีถ ึีฝ ีดีฅีฏ ีกีถีฃีกีด ีฏีกีถึีถีฅีซ ีกีตีค ีทึีปีกึีธึีฌีธีพ...",
171,G2,10,"ิฑีตีฝ ีบีกีฐีซีถ ิดี- ีถ ีีกีตีกีฝีฟีกีถีธึีด ีฃีธึีฎีธีฒ ีดีซีกีฏ ีธึ ีขีกึีกีผีซีฏ ีฏีกีผีธึีตึีถ ีง, ีธึีซ ีทึีปีกีถีกีฏีถีฅึีธึีด ีซึีกีฏีกีถีกึีพีธึีด ีง ีธึีกีฏีตีกีฌ ีฏึีฉีธึีฉีตีธึีถ ีดีกึีฆีฅึีธึีดึ ีึีฝีธึึีซีนีจ ีฐีถีกึีกีพีธึีธึีฉีตีธึีถ ีธึีถีซ ีฆีกึีฃีกีถีกีฌีธึ ึ ีซีถึีถีกีฏึีฉีพีฅีฌีธึ, ีฝีธีพีธึีฅีฌีธึึ ิดี-ีซ ีทึีปีกีถีกีพีกึีฟีถ ีกีตีฌ ีฟีฅีฒ ีกีทีญีกีฟีกีถึีซ ีจีถีคีธึีถีพีฅีฌีธึึ ีธึีถีซ ีดีฅีฎ ีกีผีกีพีฅีฌีธึีฉีตีธึีถ ีกีตีฌ ีคีซีดีธึีคีถีฅึีซ ีถีฏีกีฟีดีกีดีข, ึีกีถีซ ีธึ ีถีก ีดีฅีฎ ึีธึีฑีกีผีธึีฉีตีธึีถ ีง ีกีถึีฅีฌ ีกีผีถีพีกีฆีถ 2 ีฟีกึีซึ ิปีถีน ีญีธีฝึ, ิดี-ีซ ีทึีปีกีถีกีพีกึีฟ ีฌีซีถีฅีฌีธึ ีกีผีกีพีฅีฌีธึีฉีตีธึีถีถีฅึีจ ีกีตีฌีฝึีกีถีจ ีนีฅีถ...",
172,G7,9,,
173,G3,9,"ิฑีถึีตีกีฌ ีฟีกึีซีถีฅึีธึีด ีฌีซีถีฅีฌีธีพ ีกีถีฃีกีด ีดีฅึ ีกีดีกีฃีก ีึีฝีธึึีซีนีถีฅึีซ ิธีถีฟึีธึีฉีตีกีถ ีบีกีฟีกีฝีญีกีถีกีฟีธึ, ีทีกีฟ ีกีพีฅีฌีซ ึีกีฎึ ีงีซ ีฃีถีกีฐีกีฟีธึีด, ึีกีถีซ ีธึ ีธึีฝีธึึีซีนีจ ีกีดีฅีถ ีขีกีถ ีฏีกึีธีฒีกีถีธึีด ีงึ ีกีถีฅีฌ, ีขีกึีซ ีฆีธึีฟ ีซึ ีกีผีกึีฏีกีตีซ ีคีกีฝีกีพีกีถีคีธึีดีซึ, ีฏีกีด ีบึีธึีฅีฝีซีธีถีกีฌ ีคีกีฝีกีพีกีถีคีธึีดีซึึ ิฑีตีฝ ีฟีกึีซ ีกีผีกึีฏีกีตีกีฏีกีถ ีกีปีกีฏีซึีถีฅึ ีฅีถ ีฌีซีถีฅีฌีธึ ีธึีจ ีกีดีฅีถีกีกีถีฐีกีพีกีถีกีฏีกีถีถ ีงึ, ีกีตีฝึีกีถ ีฟีกึีซีถีฅึีซ ีจีถีฉีกึึีธึีด ีพีฅึีปีกีบีฅีฝ ีดีฅึ ีฑีกีตีถีจ ีฟีฅีฒ ีฐีกีฝีกีพึ ีีซีดีก ีฅีพีฌีซ ีพีฝีฟีกีฐ ีญีธึีฐีธึึีค ีฏีฟีกีด, ีธึ ีคีซีดีฅีถ",
174,G2,10,,
175,G2,10,ิฟีกีฆีดีกีฏีฅึีบีธึีฉีตีกีถ ีกีณีซ ีฑีฃีฟีธึีดีจ ีกีฏีถีฐีกีตีฟ ีง ึ ีทีกีฟ ีกีฏีถีฐีกีตีฟ ีง ีถีกึ ีฐีธีฃีกีฟีกึ ีธึ ีดีกึีคีกีฏีฅีถีฟึีธีถ ีพีฅึีกีขีฅึีดีธึีถึีจ ีซึ ีฐีกีดีกีตีถึีซ ีกีถีคีกีดีถีฅึีซ ีถีฏีกีฟีดีกีดีขึ ิตีฝ ีฝีซึีธึีด ีฅีด ิดีีซ ีดีซ ีดีกีฝีจ ีฌีซีถีฅีฌ ึ ีพีฝีฟีกีฐีกีขีกึ ีญีธึีฐีธึึีค ีฅีด ีฟีกีฌีซีฝ ีถีธึีตีถีถ ีกีถีฅีฌ ีขีธีฌีธึ ีถีฅึีธึีช ีธึีถีฅึีธีฒ ีกีถีฑีกีถึึ,
176,G7,10,,
177,G8,10,,
178,G1,10,"ีีฅึีกีฏีกีถ ึีธึีฑีซ, ีดีฅีฎ ีฐีถีกึีกีพีธึีธึีฉีตีธึีถีถีฅึีซ, ีกีณีซ ีธึ ีฆีกึีฃีกึีดีกีถ, ีฝีธีพีธึีฅีฌีธึ ึ ีดีซ ีทีกึึ ีกีตีฌ ีกีผีกีพีฅีฌีธึีฉีตีธึีถีถีฅึีซ ีฐีกีดีกึ:",
179,G7,10,ีึีธีพีฐีฅีฟึ ิดี-ีถ ีฟีกีฌีซีฝ ีง ีกีตีถ ีกีดีฅีถีถ ีซีถีน ีนีธึีถีซ ีฝีธีพีธึีกีฏีกีถ ีธึีฝีธึึีซีนีจ: ิดีกีฝีกีพีกีถีคีซึ ีีกีตีกีฝีฟีกีถีจ ีฝีฅึ ีง ีธึ ีฏีตีกีถึ,
180,G4,10,ีีซีกีถีทีกีถีกีฏ ีฌีกีพ ีจีดีฟีกีถีซึ ีงึ,
181,G8,10,,
182,G8,10,"ิปีด ึึีซีถีกีฏีธีพ ีทึีปีกีบีกีฟีซีฝ ีดีกึีคีฏีกีถึ ึ ีจีถีฏีฅึีถีฅึีซึ ึีธึีตึ ีฅีด ีฟีพีกีฌ ึ ีฟีกีฌีซีฝ ีฅีด ิดี-ีซ ีกีฆีคีฅึีธึีฉีตีธึีถีจ ีซีด ีดีกีฝีถีกีฃีซีฟีกีฏีกีถ ึ ีกีถีฑีถีกีตีซีถ ีกีณีซ ีพึีก, ึ ีจีถีฏีฅึีถีฅึีซึีฝ ีธึ ีฏีธีฌีฅีฃีกีถีฅึีซึีฝ ีทีกีฟีฅึีถ ีกึีคีฅีถ ีคีซีดีฅีฌ ีฅีถึ",
183,G5,7,"ิปีด ีกีผีกีปีถีธึีคีธึีฉีตีกีถ ีฅึีฏีกีดีตีก ีฎึีกีฃึีซ ีจีถีฉีกึึีธึีด ึ ีคึีกีถีซึ ีฐีฅีฟีธ ีธึีถีฅึีกีฎ ีขีกึีกีฝีกีฏีกีถ ึีธึีฑีซ ีฐีฅีฟึีกีถึีธีพ ีนีฅีด ีจีถีฟึีธึีด ยซีดีซีกีถีทีกีถีกีฏ ีญีธึีฐีธึึีค ีฏีฟีกีดยป ีฟีกึีขีฅึีกีฏีจ, ีฝีกีฏีกีตีถ ีฏีกึีฎีธึีด ีฅีด, ีธึ ีกีดีฅีถ ีดีฅีฏีจ ีซีถึีจ ีบีฅีฟึ ีง ึีธึีฑีซ ึ ีฐีกีฒีฉีกีฐีกึีซ ีญีธีนีถีคีธีฟีถีฅึึ",
184,G4,7,ีีฃีซีฟีฅีด ีธึึีกีถีธีพ ีฎึีกีฃีซึีจ ีถีบีกีฟีกีฏีกีฐีกึีดีกึ ีฏีฌีซีถีซ ีกีตีค ีดีกึีคีธึ ีฐีกีดีกึ ึ ีฐีกีฏีกีผีกีฏีจี ีธึึีกีถีธีพ ีถีก ีฏีฐีกีดีกีบีกีฟีกีฝีญีกีถีซ ิดี-ีซ ีกึีชีฅึีถีฅึีซีถึ,
185,G7,10,ีึีธีพีฐีฅีฟึ ีกีตีฝึึ ีฅีฝ ีซีถีฑ ีกีทีญีกีฟีกีทีธึีฏีกีตีธึีด  ีดึึีธึีถีกีฏ ีฅีด ีฐีกีดีกึีธึีด ีทีถีธึีฐีซีพ ิดีกีฝีกีพีกีถีคีซึ ีีกีตีกีฝีฟีกีถีซ,
186,G4,10,"ีีซีทีฟ ึีกีปีกีฌีฅึีธึีด ีฅีด ีดีฟีฅึีซีดีถีฅึีซีฝ ึ ีฎีกีถีธีฉีถีฅึีซีฝ, ีธีพึีฅึ ีฝีฅึ ีธึีถีฅีถ ีฅึีฅีญีกีถีฅึีซ ึ ีฏึีฉีธึีฉีตีกีถ ีฐีกีถีคีฅีบ ีดีซีกีถีกีฌ ีดีฅึ ีดีฅีฎ ีจีถีฟีกีถีซึีซีถ",
187,G7,10,ิดี -ีถ ีฌึีซีพ ีกีตีฌ ีฑึีธีพ ีง ีถีบีกีฝีฟีฅีฌ ีธึีฝีธึึีนีกีฏีกีถ ีซีด ีฏีกึีซีฅึีซีกีตีซีถ,
188,G1,6,,
189,G8,10,"ิตีฝ ีฐีกึึีธึีดีถีฅึีซ ีชีกีดีกีถีกีฏ ีขีกีฆีดีซึีฝ ีถีทีฅีฌ ีฅีด ึ ีถีธึีซึ ีธึ ีถีธึีซึ ีฏึีกีฝีฟีฅีด, ีธึ ีกีตีถ ีธึีฝีธึึีซีนีถีฅึีจ, ีธีพึีฅึ ีซีฝีฏีกีบีฅีฝ ึีกีถีฏีกีถีธึีด ีฅีถ ีฐีกีปีธีฒีฅีฌ ีซึีฅีถึ ีฃีธึีฎีธึีด ีดีซีกีถีทีกีถีกีฏ ีบีฅีฟึ ีง ีกีถึีถีฅีถ ิดี-ีซ ีดีกีฝีถีกีฃีซีฟีกีฏีกีถ ีฆีกึีฃีกึีดีกีถ ีคีบึีธึีจ: ิฑีตีฝีบีซีฝีซ ีพีฅึีกีบีกีฟึีกีฝีฟีธึีด ีธีน ีดีซ ีฟีฅีฒ ีฅีฝ ีซีด 16 ีกีดีตีก ีบึีกีฏีฟีซีฏีกีตีธึีด ีนีฅีด ีฐีกีถีคีซีบีฅีฌ ีฟีกีฌีซีฝ ีง ึ ีดีกีฝีถีกีฃีซีฟีกีฏีกีถ ึ , ีธึ ีกีดีฅีถีกีฏีกึึีธึีถ ีง ีดีกึีคีฏีกีตีซีถ ีธึีกีฏีถีฅึีซ  ีพีฅึีกีซีดีกีฝีฟีกีพีธึีธึีด , ีฆีกึีฃีกึีธึีด:",
190,G8,10,"ีีกีฝีถีกีฏึีฅีถ,ีฆีกึีฃีกึีถีฅีถ ีกีผีกีปีถีธึีคีกีฏีกีถ ีฐีดีฟีธึีฉีตีธึีถีถีฅึ ึ ีฆีกึีฃีกึีถีฅีถ ีกีทีกีฏีฅึีฟีถีฅึีซีถ",
191,G7,9,,
192,G7,10,,
193,G3,9,"ิฝีธึีฐีธึึีค ีฟีกีฌีธึึ ีญีธึีฝีกึีธึีด ีฅีดึ ิฟีบีกีฟีดีฅีด ีซีด ึีธึีฑีกีผีธึีฉีตีกีถ ีดีกีฝีซีถ, ีดีถีกึีกีฎีจ ีฉีธีฒ ีซึีฅีถึ ีธึีธีทีฅีถึ ิฑีตีคีบีฅีฝ ีฅีด ีกึีฅีฌ ีดีซีถีน ึึีฝึ",
194,G4,6,,
195,G3,10,,
196,G8,10,"ิฟีกึีฎีธึีด ีฅีด, ีธึ ยซิดีกีฝีกีพีกีถีคีซ'ึ, ีีกีตีกีฝีฟีกีถยป-ีจ ีฟีกีฌีซีฝ ีง ีตีธึึึึีซีถีกีฏ ึีธึีฑีถีกีฏีธึีฉีตีกีถ ีฐีถีกึีกีพีธึีธึีฉีตีธึีถ, ีธึีจ ีบีฅีฟึ ีนีง ีขีกึ ีฉีธีฒีถีฅีฌึ",
197,G6,10,"ิฝีธึีฐีธึึีค ีฅีด ีฟีพีฅีฌ ึ ีทีกึีธึีถีกีฏีฅีฌีธึ ีฅีด ีญีธึีฐีธึึีค ีฟีก ีฟีกีฌ, ึีกีถีซ ีธึ ีคีกีผีถีกีฌีธีพ ีธีฝีธึึีซีน-ีกีผีกีปีถีธึีคี ีกีถีฑีถีกีตีซีถ ีกีณ ีฅีฝ ีฃึีกีถึีธึีด, ีฐีฅีฟีธ ีดีกีฝีถีกีฃีซีฟีกีฏีกีถ ีกีณ, ีธึีบีฅีฝ ีกีผีกีปีถีธึีค ีฏีกีตีกีถีธึีด ึ ีฆีกึีฃีกีถีธึีด ีฅีฝ, ีซีถีนีบีฅีฝ ีถีกึ ีฉีซีดีธึีด ีกีทีญีกีฟีฅีฌีธึ  ึ ีดีซ ีทีกึึ ีกีตีฌ ีฐีดีฟีธึีฉีตีธึีถีถีฅึ ีฅีถ ีฑึีกีพีธึีพีธึีด ึ ีกีดึีกีบีถีคีพีธึีด:",
198,G1,10,,
199,G7,10,ีีฅึีกีฏีกีถ ึีธึีฑีซึ ีฅีฌีถีฅีฌีธีพ),
200,G7,10,"ิตึีข ีคีกึีฑีก ิดี-ีซ ีดีฅีฎ ึ ีคึีกีฏีกีถ ีจีถีฟีกีถีซึีซ ีกีถีคีกีด, ีฝีฏีฝีฅึีซ ีทีธึึีปีฝ ึีถีฟึีฅีฌ ีดีกึีคีซีฏ, ีธีพึีฅึ ีบีฅีฟึ ีง ีฌีซีถีฅีถ ีกีตีค ีจีถีฟีกีถีซึีธึีด ึ ึีฃีถีฅึีซ ีถึีกีถึ ีฌีซีถีฅีถ ีกีตีถีฟีฅีฒึ ิฑีตีฝึึ ีกึีคีฅีถ 10 ึ ีกีพีฅีฌีซ ีจีถีฏีฅึีถีฅึ 2020 ีฉีพีกีฏีกีถีซึ ีซ ีพีฅึ ีซีด ีญีธึีฐึีคีธีพ ีฐีกีดีกึีพีธึีด ีฅีถ ีทึีปีกีถีกีพีกึีฟ-ีคีฅีฝีบีกีถีถีฅึึ",
201,G5,10,,
202,G6,10,,
203,G8,10,"ีีกีทีพีซ ีกีผีถีฅีฌีธีพ ีซีด ึีธึีฑีกีผีธึีฉีตีธึีถีจ ีฅีฝ ีกึีคีฅีถ ีซีฝีฏ ีขีกีฆีธึีด ีธึีฝีธึึีซีนีถีฅึีซ ีถีฅึีฃึีกีพีฅีฌ ีฅีดึ ิฑีผีกีปีซีถ ึีธึึีซีนีจ ีซีด ีฃีธีฐีธึีถีกีฏีธึีฉีตีธึีถีถ ีง ึ ีฅึีฏึีธึีคีจ ีกีตีถ , ีธึ ีดีฅีถึ ีซีฝีฏีกีบีฅีฝ ึีธึีธีญีธึีฉีตีธึีถ ีฅีถึ ีขีฅึีธึีด ีดีฅึ ีคีบึีธึีถีฅึีธึีด ึ ีคีก ีกีฏีถีฐีกีตีฟ ีงึ",
204,G7,9,,
205,G4,10,,
206,G4,10,ีีีธีพีฐีฅีฟึ ีกีทีกีฏีฅึีฟีถีฅึีซ ีถีฅึีธึีชีซ ีฐีฅีฟ ีขีกึีกีฐีกีตีฟีดีกีถ ีฐีฅีฟ ีฐีกีดีกีฟีฅีฒ ีขีกึีกีฐีกีตีฟีธึีด ีฅีฝ ีฝีฅึีกีฏีกีถ ีถีฅึีธึีชีจ:,
207,G4,7,,
208,G3,8,"I always recommend the program highlighting the importance of knowing WHY you want to commit to this Fellowship. However, I cannot give a 10 to this question, as it is very difficult to recommend a program that has changed a lot and look very different from what I've experienced. I always share my own experience, what it gave me, why I appreciate it and always direct to other sources, where they can get information that I no longer have (salary, extra requirements outside of classroom, etc).",
209,G2,10,"ิดีกีฝีกีพีกีคีซึ ีีกีตีกีฝีฟีกีถีจ ีกีถีฑีกีดีข ีซีถีฑ ีฟีพีฅีฌ ีง ีฐีถีกึีกีพีธึีธึีฉีตีธึีถ ีขีกึีกีฐีกีตีฟีฅีฌีธึ ีซีด ีฅึีกีฆีกีถึีซ ีกีทีญีกีฟีกีถึีจ ึ ีฟีพีฅีฌ ีง ีฝีฏีฆีขีถีกีฏีกีถ ีฃีซีฟีผีฌีซึีถีฅึ ีฌีกีพีกีฃีธึีตีถ ีฏีกีฟีกึีฅีฌีธึ ีกีตีค ีกีทีญีกีฟีกีถึีจึ ีีฅีฎ ีง ีคีฅึีจ ิดีกีฝีกีพีกีถีคีซึ ีีกีตีกีฝีฟีกีถีซ ีดีฅึ ีฏึีฉีกีฏีกีถ ีธีฌีธึีฟีจ ีฏีกึีฃีซ ีขีผึีฅีฌีธึ ีขีธีฌีธึีซีฝ ีถีบีกีฟีกีฏีซ ีซึีกีฏีกีถีกึีดีกีถ ีฐีกีดีกึ ึ ีซีฐีกึีฏีฅ ีจีถีฏีฅึีถีฅึีซีฝ ีญีธึีฐีธึึีค ีฏีฟีกีด ีคีซีดีฅีถ, ีดีซีกีตีถ ีกีตีถ ีคีฅีบึีธึีด , ีฅึีข ีฅีฝ ีกีตีค ีดีกึีคีฏีกีถึ ีดีฅีป ีฟีฅีฝีถีฅีด ีคีกีฝีกีพีกีถีคีฅีฌีธึ ีฐีกีดีกีบีกีฟีกีฝีญีกีถ ีถีฅึีธึีชีจึ",
210,G7,10,ิดีก ีกีดีฅีถีกีขีกึีค ีธึ ีฌีกีพีกีฃีธึีตีถ ีฟีกึีซีถีฅึีถ ีฅีถ,
211,G4,10,,
212,G3,10,"ิฑีตีฝ ีธึีฒีซีถ ีฏีตีกีถึ ึีธีญีธีฒ ีธึีฒีซ ีง, ีฐีฅีฟึีกีขีกึ ีดีซีกีถีทีกีถีกีฏ ีญีธึีฐีธึึีค ีฏีฟีกีด ีฐีฅีถึ ีกีถีฑีถีกีฏีกีถ ีกีณีซ ึ ีกีผีกีปีถีธึีคีธึีฉีตีกีถ ีฟีฅีฝีกีถีฏีตีธึีถีซึึ",
213,G8,9,"ิตีฝ ีฐีกีพีกีฟีธึีด ีฅีด ิดี ีฟีฅีฝีฌีกีฏีกีถีซีถ ึ, ีธึ ีกีตีถ ึีธึีธีญีธึีฉีตีธึีถีถีฅึ ีง ีกีผีกีป ีขีฅึีฅีฌีธึ ีฏึีฉีธึีฉีตีกีถ ีดีฅีป",
214,G4,10,ิฟีตีกีถึีค ึีธีญีพีธึีด ีง 180 ีกีฝีฟีซีณีกีถีธึีดึ ิถีกึีฃีกีถีกีฌีธึ ีธึ ีกีณีฅีฌีธึ ีฌีกีพีกีฃีธึีตีถ ีพีกีตึีถ ีงึ,
215,G6,8,"ีีซีดีถีกีฏีกีถีธึีด ีญีธึีฐีธึึีค ีฅีด ีฟีกีฌีซีฝ, ึีกีถีซ ีธึ ีดีฅีฎ ึีธึีฑีกีผีธึีฉีตีธึีถ ีง ีดีกึีคีฏีกีถึ ีฐีกีดีกึ, ีธีพึีฅึ ีธึีฆีธึีด ีฅีถ ึีธึีธีญีธึีฉีตีธึีถ ีซึีฅีถึ ีธึ ีกีตีฌ ีดีกึีคีฏีกีถึ ีฏีตีกีถึีธึีดึ 8 ีง ึีกีถีซ ีธึ ีฎึีกีฃึีธึีด ีคีฅีผึีฝ ีขีกึีฅีฌีกีพีฅีฌีธึ ีฟีกึีกีฎึ ีฏีก",
216,G3,8,,
217,G5,10,,
218,G8,9,"ีีกีถีซ ีธึ ีซีถีฑ ีคีธึึ ีง ีฅีฏีฅีฌ ีกีตีฝ ีฏีกีฆีดีกีฏีฅึีบีธึีฉีตีกีถ ีฏีกีฆีดีธึีด ีกีทีญีกีฟีกีถึีจ, ีฅีฝ ีญีธึีฐีธึึีค ีฏีฟีกีด ีซีด ีจีถีฏีฅึีถีฅึีซีถ ีดีกีฝีถีกีฏึีฅีฌ ึ ีธึีถีฅีถีกีฌ ีซึ ีฏีกึึีธึ ีฃีธึีฎีธึีถีฅีธึีฉีตีธึีถีจ ีธึึีง ีฐีกีดีกีตีถึีธึีด:",
219,G7,9,"ิฟีถีฅึีฏีกีตีกึีถีฅีด, ีนีฅีด ีบีกึีฟีกีคึีซ, ีซีถีนีบีฅีฝ ีฅีฝ ีฅีด ีธีฃีฅีทีถีนีพีฅีฌ...",
220,G7,10,"ิผีซีถีฅีฌีธีพ ีทึีปีกีถีกีพีกึีฟ-ีคีฅีฝีบีกีถ ีดีฅีฎ ีธีฃึีธึีธึีฉีตีกีดีข ีญีธึีฐีธึึีค ีฅีด ีฟีกีฌีซีฝ ีซีด ีจีถีฏีฅึีถีฅึีซีถ ีคีซีดีฅีฌ ยซิดีกีฝีกีพีกีถีคีซ'ึ, ีีกีตีกีฝีฟีกีถยป-ีซ ิฑีผีกีปีถีธึีคีธึีฉีตีกีถ ีฆีกึีฃีกึีดีกีถ ีฅึีฏีกีดีตีก ีฎึีกีฃึีซีถึ",
221,G8,10,...,
222,G4,10,"ยซิดีกีฝีกีพีกีถีคีซโึ, ีีกีตีกีฝีฟีกีถยป ีฎึีกีฃึีซีถ ีดีกีฝีถีกีฏึีฅีฌีธีพ ีทีกีฟีฅึีจ ีฑีฅีผึ ีฅีถ ีขีฅึีธึีด, ีซีถึีถีกีพีกึีธึีฉีตีธึีถ, ีถีบีกีฟีกีฏีกีฝีฌีกึีธึีฉีตีธึีถ, ีถีกีญีกีฑีฅีผีถีธึีฉีตีธึีถ, ีฉีซีดีกีตีซีถ ีดีฟีกีฎีฅีฌีกีฏีฅึีบ, ึ ีกีตีฝ ีฐีกีฟีฏีกีถีซีทีถีฅึีซ ีทีถีธึีฐีซีพ ีคีกีผีถีธึีด ีฅีถ ีกีผีกีปีถีธึีคีถีฅึึ",
223,G8,10,"ีีกีถีซ ีธึ ิดีกีฝีกีพีกีถีคีซีึ, ีีกีตีกีฝีฟีกีถีซ ีกีฆีคีฅึีธึีฉีตีธึีถีจ ีฆีฃีกึีฅีฌ ีฅีด ีฉีฅี ีซีด ีดีกีฝีถีกีฃีซีฟีกีฏีกีถ ีธึ ีกีถีฑีถีกีตีซีถ ีกีณีซ, ีฉีฅี ีฐีกีดีกีตีถึีซ ีธึ ีกีทีกีฏีฅึีฟีถีฅึีซีฝ ีพึีกึ ิฑีพีฅีฌีซีถี ีทีกีฟีฅึีซีถ ีธีฃีฅีทีถีนีธึีด ีฅีด ึ ีธึีฒีฒีธึีคีธึีด ีดีกีฝีถีกีฏึีฅีฌีธึ ีฅึีฏีกีดีตีก ีฎึีกีฃึีซีถึ",
224,G8,10,"ิดี-ีถ ีดีทีฟีกีบีฅีฝ ีกีณีฅีฌีธึ, ีฑีฅีผึีขีฅึีธึีดีถีฅึ ีธึีถีฅีถีกีฌีธึ ีทีกึีธึีถีกีฏีกีฏีกีถีธึีฉีตีธึีถ ีง ีกีบีกีฐีธีพีธึีด",
225,G7,10,"ิตีฝ ีขีธีฌีธึีซีถ ีญีธึีฐีธึึีค ีฅีด ีฟีกีฌีซีฝ ีดีกีถีฏีกีพีกึีชีกีฏีกีถ ีฃีธึีฎีธึีถีฅีธึีฉีตีธึีถีจ ีฝีฏีฝีฅีฌ <<ีคีกีฝีกีพีกีถีคีซึ, ีีกีตีกีฝีฟีกีถ>> ีฎึีกีฃึีซึึ",
226,G6,9,,
227,G8,10,,
228,G7,10,,
229,G8,10,"ิดีก ีซีด ีฏีตีกีถึีซ ีฌีกีพีกีฃีธึีตีถ ีฅึีฏีธึ ีฟีกึีซีถีฅึีถ ีงีซีถ, ีธึีซ ีจีถีฉีกึึีธึีด ีธึีถีฅึีก ีทีกีฟ ีฑีฅีผึีขีฅึีธึีดีถีฅึ, ีซึีกีฏีกีถีกึึีฅึีซ ีฐีกีดีกีตีถึีกีตีซีถ ีฎึีกีฃึีฅึ ึ ีซีด ีพีกีฒีฅีดีซ ีฅึีฅีฆีกีถึีถีฅึีซึ ีดีฅีฏีจึ",
230,G7,10,"ิฒีกีพีกีฏีกีถีซีถ ีดีฅีฉีธีคีกีบีฅีฝ ีฐีกึีฝีฟีกึีฅีฌ ีฅีด ีฅีฝ, ีคีก ีฅีด ีญีธึีฐีธึึีค ีฟีกีฌีซีฝ ีซีด ีฃีธึีฎีจีถีฏีฅึีถีฅึีซีถึ",
231,G3,10,"ิปีถีฑ ีฉีพีธึีด ีง, ีธึ ีฟีกีฝีจ ีบีฅีฟึ ีนีง ีขีกึีกีฟึีฅีฌ",
232,G3,10,"ีึีธีพีฐีฅีฟึ ึีกีถีฏีกีถีธึีด ีฅีด, ีธึีบีฅีฝีฆีซ ีี-ีธึีด ีตีธึึีกึีกีถีนีตีธึึ ีฅึีฅีญีก, ีกีถีฏีกีญ ีซึ ีฝีธึีซีกีฌ-ีฟีถีฟีฅีฝีกีฏีกีถ ีฏีกึีฃีกีพีซีณีกีฏีซึ ึ ีฃีฟีถีพีฅีฌีธึ ีพีกีตึีซึ ีฝีฟีกีถีก ีฃีฅึีกีฆีกีถึ ีฏึีฉีธึีฉีตีธึีถ ีธึีกีฏีตีกีฌ ีดีกีฝีถีกีฃีฅีฟีถีฅึีซ ีฏีธีฒีดีซึ:",
233,G6,7,,
234,G7,10,"ิดี-ีถ ีธีน ีดีซีกีตีถ ีซีถึีถีกีฏึีฉีดีกีถ ึ ีฆีกึีฃีกึีดีกีถ, ีกีตีฌ ีถีกึ ีฏีตีกีถึีซ ีดีฅีฎ ีคีบึีธึ ีง:",
235,G8,9,"ิฟีกึีฎีธึีด ีฅีด ีธึ ีญีธึีฐีธึึีค ีฏีฟีกีด,ีกึีคีฅีถ ีซีฝีฏ 3 ีฏีกีด ีกีพีฅีฌีซ ีดีกึีค ีคีซีดีฅีฌ ีง:",
236,G7,10,,
237,G1,10,"ิดีกีฝีกีพีกีถีคีซึ ีีกีตีกีฝีฟีกีถีจ ีกีตีถ ีฏีกีผีธึีตึีถ ีง, ีธึีจ ีขีกึีซ ีฟีฅีฝีกีถีฅีฌีซ ึีธึีธีญีธึีฉีตีธึีถ ีขีฅึีฅีฌีธึึ ึีธีญีธึีด ีง ีถีกึ ีกีทีญีกีฟีกีถึีกีตีซีถ ีดีทีกีฏีธึีตีฉ, ีซีถีนีจ ีพีฝีฟีกีฐีธึีฉีตีธึีถ ีง ีกีผีกีปีกึีถีธึีด ีธีฌีธึีฟีซ ีฏีกีผีธึีตึีถีฅึีซ ีดีธีฟึ ีีซึีถีฅึีตีถ ีชีกีดีกีถีกีฏ ีฐีถีกึีกีพีธึีธึีฉีตีธึีถ ีง ีฟีกีฌีซีฝ ีทึีปีกีถีกีพีกึีฟีถีฅึีซีถ ึ ีกีถีฑีถีกีฏีกีฆีดีซีถ ึีกีถีฏีธึีฉีตีธึีถ ึ ีฑีฃีฟีธึีด ีธึีถีฅีถีกีฌีธึ ีคีฅีบึีธึีด ีฃึีกีถึีฅีฌ ีกีถีฑีถีกีฏีกีถ ึ ีฏีกึีซีฅึีกีตีซ ีกีณ",
238,G6,9,,
239,G7,10,"<<ิดี>>-ีถ ีดีกีฝีถีกีฃีซีฟีกีฏีกีถ ึ ีกีถีฑีถีกีตีซีถ ีกีณีซ, ีฌีธึีฝีกีพีธึ ึ ีฐีดีธึีฟ ีฐีกีดีกีตีถึีธึีด ีจีถีคีฃึีฏีพีฅีฌีธึ ีดีฅีฎ ีฐีถีกึีกีพีธึีธึีฉีตีธึีถ ีง:",
240,G6,10,"ยซิดีกีฝีกีพีกีถีคีซ'ึ, ีีกีตีกีฝีฟีกีถยป-ีจ ีี-ีธึีด ีดีซีกีฏ ีฏีกีผีธึีตึีถ ีง, ีธึีจ ีกีบีกีฐีธีพีธึีด ีฐีกีพีกีฝีกึ ีฏึีฉีธึีฉีตีธึีถ ีขีธีฌีธึ ีฅึีฅีญีกีถีฅึ ีฐีกีดีกึ ึ ีดีฅีฎ ีญีฉีกีถ ีง ีฐีกีถีคีซีฝีกีถีธึีด ีธึีฝีธึึีซีนีถีฅึีซ ีฆีกึีฃีกึีดีกีถ ึ ีกีผีกีปีถีธึีคีธึีฉีตีกีถ ีฐีกีดีกึึ",
241,G2,10,"ีีฏีกีฟีซ ีฅีด ีธึีถีฅีถีธึีด ีฎึีกีฃึีซ ี ึีธึีธีญีธึีฉีตีธึีถ ีขีฅึีฅีฌีธึ ีฐีถีกึีกีพีธึีธึีฉีตีธึีถีถีฅึีจี ีกีถีฑีถีกีตีซีถ ีธึ ีดีกีฝีถีกีฃีซีฟีกีฏีกีถ ีดีกีฏีกึีคีกีฏีถีฅึีธึีด, ีซีถีนีบีฅีฝ ีถีกึ ีทีกึีชีดีกีถ ีดีกีฝ ีคีกีผีถีกีฌีธึ ีฐีกีดีกึี ีดีฅีฎ ีถีกีญีกีฑีฅีผีถีธึีฉีตีธึีถีถีฅึ ีฏีตีกีถึีซ ีฏีธีนีฅีฌีธึ ีฐีกีดีกึึ",
242,G6,6,,
243,G7,8,,
244,G3,10,"ีึ ีีกีตีกีฝีฟีกีถีซ ีกีทีกีฏีฅึีฟีถีฅึีจ ีฐีกีพีกีฟีกีถ ีซึีฅีถึ ีธึีชีฅึีซีถ, ีฃีซีฟีกีฏึีฅีถ, ีธึ ีซึีฅีถึ ีฅีถ ึีธีญีฅีฌีธึ ีกีทีญีกึีฐีจโค ิดี-ีซ ีธึีฝีธึึีซีน-ีกีผีกีปีถีธึีคีจ ีคีก ีง ีกีถีธึีดึ",
245,G6,10,"ิฟีตีกีถึ ึีธีญีธีฒ ึีธึีฑีกีผีธึีฉีตีธึีถ ีง, ีธึีจ ีฐีถีกึีกีพีธึีธึีฉีตีธึีถ ีง ีฟีกีฌีซีฝ ีขีกึีกีฐีกีตีฟีฅีฌ ึีฅีฆึ",
246,G7,10,,
247,G7,9,,
248,G7,10,"<<ิดีกีฝีกีพีกีถีคีซ'ึ, ีีกีตีกีฝีฟีกีถีจ >>ึีจ ีฝีฅึ ีง, ีซีฝีฏ ีฝีฅึีจ ีกีดีฅีถ ีซีถีนีซ ีถีกีญีกีฐีซีดึีถ ีงึ",
249,G7,10,"ิฑีดีฅีถีกีกีผีกีปีซีถ ีขีกีถีจ, ีธึีจ ีฏีกึีธีฒ ีฅีด ีถีทีฅีฌ ีคีก ีกีตีถ ีง, ีธึ ึีกีถีฏีกึีกีฎ ีธึีฝีธึึีซีน ีฏีกึึีธึีพีกีฎ ีง ีฉีซีดีธึีด, ีฃีถีกีฐีกีฟีพีกีฎ ึ ีกึีชีฅีพีธึีพีกีฎ, ีธึีจ ีงีฌ ีกีพีฅีฌีซ ีธึีช ีง ีฟีกีฌีซีฝึ ิปีฝีฏ ีฐีกีปีธึีค ีกีดีฅีถีกีฏีกึึีธึ ีฏีฅีฟีจ, ีธึ ีฏีกึีธีฒ ีฅีถ  ีซึีฅีถึ ึีธึึีซีฏ ีฌีธึีดีกีถ ีถีฅึีคีถีฅีฌ ีดีฅีฏ ีฐีกีดีกีตีถึีซ ีฆีกึีฃีกึีดีกีถ ีฃีธึีฎีธึีดึ",
250,G7,9,ิปีด ึีธึีฑีกีผีธึีฉีตีธึีถีจ ีคึีกีฏีกีถ ึ ีธีฃีฅีทีถีนีธีฒ ีง ีทีกีฟีฅึีซ ีฐีกีดีกึ,
251,G4,8,,
252,G7,10,"<<ิดีกีฝีกีพีกีถีคีซีึ, ีีกีตีกีฝีฟีกีถ>> _ีจ ีซีด ีฏีตีกีถึีธึีด ีซึ  ีกีถีญีกีญีฟ ีฌีธึีฝีกีพีธึ ีฟีฅีฒีถ ีธึีถีซ, ีธึีบีฅีฝ ีดีกึีค, ีกีผีกีปีถีธึีค, ีจีถีฏีฅึ` ีกีตีถีบีซีฝีซ ีฐึีกีทีกีฌีซ ีฃีฎีฅึ ีฅีด ีฐีกีตีฟีถีกีขีฅึีธึีด, ีธึ ีกีฏีกีดีก ีฐีธึีฆีพีธึีด ีฅีด ีธึ ีกึีฝีธีฝีธึีด, ีธึ 2 ีฟีกึีซีถ ีนีกึีฅีฌีซ ีงึ๐ฅฐ  ีฅีฝ ีกีถีฃีถีกีฐีกีฟีฅีฌีซ ีบีกึีฃึ ีฅีด ีฝีฟีกึีฅีฌ` ีซีด ีฐึีกีทีกีฌีซ ีจีถีฏีฅึีถีฅึีซีถ, ีธีพึีฅึ ีปีฅึีดีกึีถีธึีด, ีฃีธึีถีกีพีธึีธึีด ีฅีถ ึึีฝ, ีซีถีนีจ ีดีกีฒีฉีธึีด ีฅีด ีขีธีฌีธึีซีถึ",
254,G8,10,"ิถีฃีธึีด ีฅีด  ิดีกีฝีกีพีกีถีคีซึีซ ีคึีกีฏีกีถ ีกีฆีคีฅึีธึีฉีตีธึีถีจ ีฉีฅี ีซีด , ีฉีฅี ีดีฅึ ีคีบึีธึีซ ีพึีก, ีธึีฝีฟีซ ีกีถีบีกีตีดีกีถ ีกีธึีฐีซึึีค ีฏีฟีกีด ีดีกีฝีถีกีฏีกึีฅีฌึ",
255,G7,10,"ิดี_ีถ ีซีด ีฐีกีดีกึ ีซีถึีถีกีขีกึีกีฐีกีตีฟีดีกีถ,ีซีถึีถีกีณีกีถีกีนีดีกีถ ีดีฅีฎ ีฐีถีกึีกีพีธึีธึีฉีตีธึีถ ีงึ,ีดีกีฝีถีกีฃีซีฟีกีฏีกีถ ีกีณีซ ีญีฉีกีถีดีกีถ ีดีซีปีธึ ึ
G10 ีึิฑ_ีซ ีดีฅีป ีถีกึ ีซีด ีธึีฒีฒีธึีคีดีกีดีข ีธึีฝึีธึีซีน ีฏีก๐",
256,G4,10,"ิปีถีฑ ีพึีก ีดีฅีฎ ีกีฆีคีฅึีธึีฉีตีธึีถ ีง ีธึีถีฅึีฅีฌ ิดีึีถึ ีีฝีฟีกีฐ ีฅีด, ีธึ ีดีตีธึีฝีถีฅึีซีถ ีงีฌ ีกีตีถ ีฏึีฃีถีซ ีฆีกึีฃีกีถีกีฌึ",
257,G3,9,,
258,G2,10,,
259,G7,10,,
260,G7,10,ีฏีตีกีถึีฅึ ึีธีญีธีฒ ิดี โค๏ธ ีซึีกีฏีกีถ ึีธึีธีญีธึีฉีตีธึีถีถีฅึ ีขีฅึีธีฒ ิดี,
261,G7,10,ีีซีกีถีทีกีถีกีฏ ีญีธึีฐีธึึีค ีฏีฟีกีด ีทีกึีธึีถีกีฏีกีฏีกีถ ีฃีซีฟีฅีฌีซึีธีพ ึ ีดีกีฝีถีกีฃีซีฟีกีฏีกีถ ีฆีกึีฃีกึีพีกีฎีธึีฉีตีกีดีข ีถีบีกีฝีฟีฅีฌ ีฐีกีดีกีตีถึีซ ีฆีกึีฃีกึีดีกีถีจ ึ ีฐีกีพีกีฝีกึ ีฏึีฉีธึีฉีตีกีถีจึ,
262,G1,10,,
263,G4,10,"ิฟีฟีกีด ึ ีฟีกีฌีซีฝ ีฅีด๐ีีซีกีตีถ  ิดีกีฝีกีพีกีถีคีซึีซ ีกีดีกีผีกีตีซีถ ีคีบึีธึีซีถ ีดีกีฝีถีกีฏึีฅีฌีธีพ, ีฅีฝ ีฝีฟีกึีฅีฌ ีฅีด ีกีพีฅีฌีซ ีทีกีฟ ีฃีซีฟีฅีฌีซึีถีฅึ, ึีกีถ ีฐีกีดีกีฌีฝีกึีกีถีธึีด ีนีธึีฝ ีฟีกึีซ ีดีฅีฉีธีคีซีฏีก ีธึีฝีธึีดีถีกีฝีซึีฅีธีพึ",
264,G7,10,,
265,G6,10,ีึีธีพีฐีฅีฟึ ีดีซ ึีกีถีซ ีฐีธีฃีซ ิดีีธึีด ีฅีถ ีฐีฅีถึ ีซีด ีธึีฒีฒีธึีคีดีกีดีข,
266,G6,8,,
267,G3,7,,
268,G5,10,"ีีถีกึีกีพีธึีธึีฉีตีธึีถีถีฅึ, ีฏีกีบีฅึ, ีดีกีฝีถีกีฃีซีฟีกีฏีกีถ ีกีณ
ิฑีตีฝ ีกีดีฅีถีซีถ ีฏีกึีฅีฌีซ ีง ีฐีกีฝีถีฅีฌ ิดี-ีซ ึีฃีถีธึีฉีตีกีดีข",
269,G4,10,,
270,G8,10,"ิตีฝ ีฐีกีพีกีฟีธึีด ีฅีด, ีธึ ีดีฅึ ีฅึีฅีญีกีถีฅึีจ ึ ีดีฅึ ีฐีกีดีกีตีถึีจ ีดีฅีฎ ีถีฅึีธึีช ีธึีถีฅีถ ึ ีดีฅึ ีธึีฝีธึึีซีนึีกีผีกีปีถีธึีคีถีฅึีถ ีงีฌ ีฐีกีพีกีฟีธึีด ีฅีถ ึ ีขีกึีกีฐีกีตีฟีธึีด ีฅีถึ",
271,G5,9,It's challenging but full of many great opportunities.,
272,G1,10,,
273,G8,9,,
274,G5,8,,
275,G5,6,ิตึีขีฅึ ีนีฅีฝ ีซีดีกีถีก ีฉีฅ ีฟีพีตีกีฌ ีดีกึีคีจ ีกึีคีตีธึ ีฏีถีบีกีฝีฟีซ ิดี ีฟีฅีฝีฌีกีฏีกีถีซีถ,
276,G5,10,"ิตีฝ ีขีกึีฑึ ีฅีด ีฃีถีกีฐีกีตีธึีด ิดีกีฝีกีพีกีถีคีซ'ึ, ีีกีตีกีฝีฟีกีถยป-ีซ ิฑีผีกีปีถีธึีคีธึีฉีตีกีถ ีฆีกึีฃีกึีดีกีถ ีฅึีฏีกีดีตีก ีฎึีกีฃึีซ ีคีฅึีจ ีฏึีฉีธึีฉีตีกีถ ีธีฌีธึีฟีซ ีฆีกึีฃีกึีดีกีถ ีฃีธึีฎีธึีดึ",
277,G5,9,"ิฟีกึีฎีธึีด ีฅีด ิดีึีถ ีดีฅึ ีฅึีฏึีซ ีธึ ีฝีฅึีถีคีซ ีกีบีกีฃีกีตีซ ีดีกีฝีซีถ ีกีตีถ ีญีธีฝีกีฏึีธึีฉีตีธึีถีถีฅึีซ, ีกีตีถ ีดีฟีธึีธึีดีถีฅึีซ ีบีกีฟีกีฝีญีกีถีถ ีง, ีธึีจ ีทีกีฟ ีกีฏีถีกีผีธึ ีง, ีขีกีตึ ีธีน ีขีธีฌีธึ ีดีกึีคีฏีกีถึ ีฐีกีดีกึ ีงึ ิฟีกึีฎีธึีด ีฅีด ีดีฅีถึ ีดีฅึ ึึีซีถีกีฏีธีพ ีธึ ีบีกีฟีดีธึีฉีตีธึีถีถีฅึีธีพ ีทีกีฟ ีกีฆีคีฅึีธึีฉีตีธึีถ ีธึีถีฅีถึ ีกีตีฌีธึ ีจีถีฟึีธึีฉีตีธึีถีถีฅึีซ ีพึีกึ ีีก ีดีฅีฎ ีบีกีฟีกีฝีญีกีถีกีฟีพีธึีฉีตีธึีถ ีง ึ ีฐีกีถีฑีถีกีผีธึีฉีตีธึีถึ",
278,G7,8,,
279,G7,10,"ิพึีกีฃีซึีจ ีฐีซีดีถีธีพีซีถ ึีธีญีธึีด ีง ีทีกีฝีถีกีฏึีซ ีฏีตีกีถึีจ ีคีฅีบีซ ีคึีกีฏีกีถีจึ ีึีกีถ ีฟีกีฌีซีฝ ีง ีถีธึ ีฌีซึึีฅึ, ีฏีตีกีถึีซีถ ีถีกีตีฅีฌีธึ ีถีธึ ีบีกีฟีธึีฐีกีถึ",
280,G7,10,"ีึีธีพีฐีฅีฟึ ีซีฝีฏีกีบีฅีฝ ีญีธึีฐีธึึีค ีฏีฟีกีด,ีซีถีนีจ ึีฃีถีธึีด ีง ีกีถีฑีถีกีฏีกีถ ึ ีดีกีฝีถีกีฃีซีฟีกีฏีกีถ ีกีณ ีฃึีกีถึีฅีฌึ",
281,G6,10,"ีี ีฟีกึีกีฎึีซีถ ีดีซีกีฏ ีฏีกีฆีดีกีฏีฅึีบีธึีฉีฅีกีถ ีฃีธึีฎีธึีถีงีธึีฉีฅีกีถ ีทีถีธึีฐีซึ ีฏีกึีฅีฌีซ ีง ีขีกึีกีตีกีตีฟีฅีฌ ีฐีกีดีกีตีถึีถีฅึีธึ ีถีฅึีธึีชีจ ีฅึ ีฐีถีกึีกึีธึีธึีฉีซึีถีถีฅึีจ, ีซีถีนีบีงีฝ ีถีกีฅึ ีพีฅึีป ีคีถีฅีฌ ีฏึีฉีกีฏีกีถ ีกีถีฐีกึีกีฝีกึีธึีฉีฅีกีถึ",
282,G5,9,,
283,G7,7,No comment,
284,G3,10,"ีีฏีก ีดีฅึ ีถีดีกีถ, ยซิดีกีฝีกีพีกีถีคีซ'ึ, ีีกีตีกีฝีฟีกีถยป ีฎึีกีฃีซึีจ ีฟีกีฌีซีฝ ีง ีดีกีฝีถีกีฃีซีฟีธึีฅีถ ีฆีกึีฃีกีถีกีฌีธึ ีฐีถีกึีกีพีธึีธึีฉีตีธึีถ, ีฟีกึีขีฅึ ีฎึีกีฃึีฅึีซ ีดีกีฝีถีกีฏึีฅีฌีธึ ีฐีถีกึีกีพีธึีธึีฉีตีธึีถึ",
285,G6,10,,
286,G5,10,,
287,G5,7,,
288,G6,9,"ิดีฅีบึีฅึีจ ีฟีกึีขีฅึีพีธึีด ีฅีถ, ีกีผีกีปีถีธึีคีธึีฉีตีกีถ ีฆีกึีฃีกึีดีกีถ ีฅึีฏีกีดีตีก ีฎึีกีฃึีฅึีถ ีกีผีกีพีฅีฌ ึีฝ, ีขีกีตึ ีคึีกีถีซึ ีกีตีค ีฅึีฏีธึ ีฟีกึีธึีด ีฝีฏีฝีธึีด ีฅีฝ ึีฅีฆ ีณีกีถีกีนีฅีฌ ีกีพีฅีฌีซ ีฌีกีพ, ึีกีถ ีฏีกึีธีฒ ีงีซึ ีฟีกีฝีจ ีฏีกีด ึีฝีกีถ ีฟีกึีธึีด ีณีกีถีกีนีฅีฌ, ีซีฝีฏ ีฅึีฅีญีฅึีซ ีฐีฅีฟ ีจีถีฏีฅึีกีถีกีฌีจ ีกีถีฃีถีกีฐีกีฟีฅีฌีซ ีบีกึีฃึ ีง, ีธึ ีฝีฟีกีถีธึีด ีฅีถึึ",
289,G4,10,"ิฑิถิพ-ีถ ีดีฅีฎ ีกีฆีคีฅึีธึีฉีตีธึีถ ีง ีธึีถีฅึีฅีฌ ีซีถีฑ ีพึีกี ีกีถีฑีถีกีตีซีถ ึ ีดีกีฝีถีกีฃีซีฟีกีฏีกีถ ีกีณีซ, ีถีฅีฉีพีธึึีซ ีฆีกึีฃีกึีดีกีถ ีฟีฅีฝีกีถีฏีตีธึีถีซึ  ึ ีฏึีกีถีฏีกีถีกีด, ีธึ ีทีกีฟีฅึีจ ีจีถีฟึีฅีถ ีกีตีฝ ีธึีฒีซีถ ึ ีกีถึีถีฅีถ ีกีตีฝ ีณีกีถีกีบีกึีฐีธีพึ
ิป ีคีฅีบ ีทีกีฟ ีธึึีกีญ ีฅีด, ีธึ ีซีด ีญีธึีฐึีคีธีพ ีฎึีกีฃึีซีถ ีคีซีดีกีฎ ีณีกีดีขีกึีซ ีดีฅึ ีฏีกีดีกีพีธึีจ ีกึีคีฅีถ ีจีถีฟึีธึีฉีตีกีถ ึีธึีฌีฅึีธึีด ีงึ",
290,G7,10,,
291,G7,10,,
292,G2,8,,
294,G7,10,,
295,G8,10,"2 ีฟีกึีซีถีฅึีซ ึีธึีฑีจ ีกีฐีกีฃีซีถ ีฝีธีพีธึีฅึีถีธีฒ ีธึ ีฏีธึีธีฒ ีง, ีดีซีกีถีทีกีถีกีฏ ีกึีชีฅ ึีฃีฟีพีฅีฌ ีจีถีฑีฅีผีพีกีฎ ีฐีถีกึีกีพีธึีธึีฉีตีธึีถีซึ ึ ึีธีญีฅีฌ ึีธ ีธึีฝีธึึีดีกีถ ีดีธีฟีฅึีธึีดีถีฅึีจ, ีกีณีฅีฌ ีธึีบีฅีฝ ีดีกีฝีถีกีฃีฅีฟ ึ ีธีน ีดีซีกีตีถ",
296,G8,10,,
297,G6,9,"ิฝีธึีฐีธึีงีค ีฏีฟีกีด ีกีตีถ ีดีกึีคีฏีกีถึ, ีธีพึีฅึ ีขีกึีซ ีกีฏีฟีซีพ ีฌีซีถีฅีฌีธึึี ีถีกึ ีญีฅีฌีกึีซ ีฅีถ ึ ีฏีฏีกึีธีฒีกีถีกีถ ึีธีญีกีถึีฅีฌ ีฃีซีฟีฅีฌีซึีถีฅึึ",
298,G7,9,,
299,G8,9,,
300,G8,10,ิปีด ึีธึีฑีซึ,
301,G2,10,,
302,G4,9,ิถีกึีฃีกีถีกีฌีธึ ีฐีถีกึีกีพีธึีธึีฉีตีธึีถ,
303,G4,10,,
304,G1,10,,
305,G3,10,"ีีกีถีฆีซ ีซีถึีฝ ีงีฌ ีฆีฃีกึีฅีฌ ึ ีฆีฃีธึีด ีฅีด ""ิดีกีฝีกีพีกีถีคีซ'ึ, ีีกีตีกีฝีฟีกีถ""-ีซ ีดีฅีฎ ึ ีกีถึีธีญีกึีซีถีฅีฌีซ ีกีฆีคีฅึีธึีฉีตีธึีถีจ ีดีกีฝีถีกีฃีซีฟีกีฏีกีถ ีกีณีซีฝ, ีทีกึีธึีถีกีฏีกีฏีกีถ ีฆีกึีฃีกึีดีกีถ ีพึีกึ ีึ, ีฏีกึึีธึีกีฃีธึีตีถีถีฅึีซึ, ีกีตีฝีฟีฅีฒ ีฐึีกีทีกีฌีซ ีถีฅีฉีพีธึึ ีฅีด ีฑีฅีผึ ีขีฅึีฅีฌ๐",
306,G7,7,,
307,G5,9,"ีีกีถีซ ีธึ ีฅีฝ ีงีฌ ีฅีด ีกีถึีฅีฌ ยซิดีกีฝีกีพีกีถีคีซ'ึ, ีีกีตีกีฝีฟีกีถยป-ีซ ิฑีผีกีปีถีธึีคีธึีฉีตีกีถ ีฆีกึีฃีกึีดีกีถ ีฅึีฏีกีดีตีก ีฎึีกีฃึีธีพ ีธึ ีพีฝีฟีกีฐ ีฏีกึีธีฒ ีฅีด ีกีฝีฅีฌ, ีธึ ีกีตีค ีธึีฒีซีถ ึีธีญีธึีด ีง ีดีกึีคีธึีถ ีคีฅีบีซ ีฌีกีพีจึ",
